21-years-richard-linklater-2014_Matt Zoller Seitz,2.5,-1,1,-1,1,1,-1,-1,-2,-1,-1,-1,-1,1,-1,-1,1,-1,1,1,-1,1,-1,-1,-1,1,1,
22-jump-street-2014_Matt Zoller Seitz,3.0,-1,-1,1,-1,-1,-1,-1,1,-1,-2,1,0,-1,-1,-1,1,-1,1,-1,-1,1,-1,-1,-1,-1,-1,-1,-1,-1,0,-1,1,-1,1,1,1,1,1,-1,-1,-1,-1,0,-1,-2,-1,2,-1,1,0,
24-exposures-2014_Matt Zoller Seitz,2.0,-1,-1,-1,1,-1,-1,-1,1,-1,-1,-1,-1,-1,-1,-1,-1,0,1,0,0,-1,0,-1,-1,1,0,-1,-1,0,-1,-1,-1,0,-1,
3-12-minutes-ten-bullets-2015_Matt Zoller Seitz,3.0,-1,-1,-1,1,0,1,-1,0,-1,-1,0,0,0,-1,-1,-1,-1,-1,-1,0,-1,-1,1,1,-1,0,-1,-1,-1,-1,-1,-1,-1,-1,-2,-1,1,-1,-1,-1,-1,-1,-1,-1,-1,-1,-1,-1,-1,-1,-1,-1,-1,-1,-1,
7-chinese-brothers-2015_Matt Zoller Seitz,2.5,-1,1,-1,1,-1,-1,-1,-1,-1,-1,1,0,0,1,0,1,-1,-1,-1,-1,1,1,
a-cure-for-wellness-2017_Matt Zoller Seitz,2.0,-1,-1,-1,1,-1,-1,-1,1,1,1,-1,-1,-1,-1,-1,-1,-1,-1,-1,-2,-1,2,0,-1,-2,-1,-1,-1,-1,-1,-1,-1,-1,-1,-1,-1,-1,-1,-1,
a-family-man-2017_Matt Zoller Seitz,2.0,-1,-1,-2,-1,-1,-1,-1,2,-1,-1,-1,-2,-1,-1,-1,1,-1,-1,-1,-1,-2,1,0,1,1,1,-1,1,-1,-1,-1,-1,-1,-2,-1,-1,-1,
a-field-in-england-2013_Matt Zoller Seitz,3.0,-1,-1,-1,-1,-1,-1,-1,-1,-1,-1,1,-1,-1,-1,-1,-1,1,
a-fragile-trust-plagiarism-power-and-jayson-blair-at-the-new-york-times-2014_Matt Zoller Seitz,3.0,0,-1,1,-1,-1,1,-1,-1,-1,-1,0,0,0,-1,1,-1,1,-2,1,-1,-1,1,1,0,-1,-1,-1,1,-1,-1,-1,-1,0,-1,-1,-1,-1,-1,1,1,-1,-1,-1,-1,0,1,0,
a-ghost-story-2017_Matt Zoller Seitz,4.0,-1,0,-1,0,-1,1,-1,-1,0,1,1,-1,1,1,-1,-1,-1,-1,1,-1,-1,-1,-1,-1,-1,-1,1,-1,-1,-1,-1,-1,-1,1,-1,-1,-1,0,2,1,1,
a-merry-friggin-christmas-2014_Matt Zoller Seitz,1.5,-1,0,-1,-1,-1,-1,-1,-1,1,-1,-1,-1,-1,-2,1,-1,-1,0,1,0,-1,-1,1,
a-most-violent-year-2014_Matt Zoller Seitz,3.0,-1,1,-1,1,-1,1,-1,-1,1,2,1,-1,-1,-1,-1,-1,1,-1,-1,-1,-2,-1,0,2,-1,-1,-1,1,-1,-1,1,-1,-2,-1,2,1,1,
abacus-small-enough-to-jail-2017_Matt Zoller Seitz,4.0,-1,-2,1,0,-1,1,-1,-1,-1,-1,-1,-1,-1,-1,-2,-1,-2,-1,1,1,0,-1,1,1,-1,-1,1,1,2,1,1,0,1,1,-1,
alien-covenant-2017_Matt Zoller Seitz,4.0,-1,-1,-1,1,1,-1,-1,0,-1,-1,-1,-1,-1,-1,1,1,-1,1,1,-1,-2,1,-1,0,1,1,-1,-1,-1,1,-1,1,-1,-1,-1,-1,-1,-1,1,-1,1,-1,1,2,-1,1,1,0,
all-mistakes-buried-2016_Matt Zoller Seitz,3.0,1,-1,1,-1,-2,-1,-1,0,0,-1,-1,-1,-1,0,-1,-1,1,-1,-1,1,0,1,-1,-1,-1,-1,-1,-1,-1,-1,1,1,1,-1,-1,-1,-1,1,
american-assassin-2017_Matt Zoller Seitz,2.5,2,-1,-1,-1,-1,-1,-1,-1,-1,-1,-1,-1,-1,-1,-1,-1,1,-1,-1,-1,-1,-1,-1,1,-1,-1,-2,-1,1,0,-1,1,0,-1,-1,-1,1,
annie-2014_Matt Zoller Seitz,3.0,1,-1,2,-1,-1,-1,1,-1,1,-1,-1,1,1,-1,1,-2,-1,1,1,2,-1,1,-1,-1,1,-1,-1,-1,1,-1,1,-1,1,-1,
anomalisa-2015_Matt Zoller Seitz,3.5,-1,-1,-1,-1,-1,-1,0,-1,1,2,1,-1,1,-1,1,1,0,-1,-1,-1,-1,-1,-1,1,-1,0,-1,-1,0,-1,1,-1,-1,-1,0,1,-2,-1,1,1,-1,1,
approaching-the-elephant-2014_Matt Zoller Seitz,3.5,1,-1,0,1,0,-1,0,-1,-1,-1,0,-1,-1,1,-1,-1,-1,0,-2,-1,-1,-1,-1,-1,1,-1,-1,0,0,-1,-1,-1,-1,-1,1,1,1,1,
avengers-age-of-ultron-2015_Matt Zoller Seitz,3.0,-1,-1,1,-1,-1,1,-1,-1,1,-1,-1,-2,-1,-2,-1,-1,0,-1,-1,-1,-1,-1,1,-1,-1,1,-1,-1,-1,1,-2,-1,-1,1,1,-1,1,-1,-1,-1,-1,0,-1,-1,-1,-1,-1,0,-1,1,1,-1,-1,
batman-v-superman-dawn-of-justice-2016_Matt Zoller Seitz,2.5,1,1,-1,-1,-1,-1,2,-2,-1,-1,-2,0,-1,-1,-1,1,-2,-1,-1,-1,-1,-1,0,-1,-1,-1,1,-1,-2,-1,0,-1,1,1,-1,1,
beasts-of-no-nation-2015_Matt Zoller Seitz,2.5,1,-1,1,-1,1,0,-1,1,-1,-1,1,-1,-1,1,-1,-1,1,-1,-1,1,1,1,1,-1,1,-1,-1,-1,-1,-1,-1,-1,-1,-1,-1,-1,-1,-1,
beyond-outrage-2014_Matt Zoller Seitz,2.5,1,0,-1,-1,-1,-1,-1,-1,-1,-1,1,-1,-1,-1,-1,-1,0,1,-1,-1,-1,-1,-1,-1,-1,-1,1,1,1,1,-1,-1,-1,-1,-1,-1,1,-1,1,-2,-2,1,-1,
black-mass-2015_Matt Zoller Seitz,3.0,-1,-1,1,-2,-1,1,-1,-2,1,-1,-1,-1,-1,-1,-1,-1,1,-1,1,-1,1,0,-1,-1,-1,1,-1,-1,-1,-1,-1,-1,-1,-1,-1,-1,0,0,-1,-1,-1,-1,-1,-1,-1,-1,-1,-1,-1,0,1,2,-1,-1,-1,2,0,0,
black-or-white-2015_Matt Zoller Seitz,2.5,1,-1,-2,-2,-1,0,-2,-1,-1,-2,-1,1,-1,-1,-1,1,-1,0,1,1,1,0,-1,1,-1,2,1,-1,-1,-1,-1,-1,-2,-1,-1,-1,-1,-1,-1,-1,-1,-2,-1,
black-sea-2015_Matt Zoller Seitz,3.0,0,0,0,1,1,-1,1,-1,-1,-1,-1,-1,0,1,-1,-1,-1,-1,0,-1,-2,0,-1,-1,1,-1,-1,-1,-1,-1,1,1,-1,0,2,-1,-2,1,-1,1,
blackhat-2015_Matt Zoller Seitz,3.5,0,0,-1,-1,2,-1,1,1,-1,-2,-1,-1,1,-1,1,1,1,1,1,-1,1,-1,-1,1,0,0,0,-1,-1,-1,-1,1,-1,-1,-1,-1,1,1,0,0,
bleed-for-this-2016_Matt Zoller Seitz,2.5,-1,-1,1,-1,-1,1,-1,-1,1,-1,0,-1,-1,-1,1,-1,1,-1,-1,-1,1,-1,-2,0,-1,-1,1,-1,0,-2,0,1,-1,1,1,-1,-1,0,-1,-1,1,-1,-1,-1,1,-1,1,-1,-1,-1,
boyhood-2014_Matt Zoller Seitz,4.0,-1,-1,-1,-1,-1,-1,-1,-1,-1,1,0,1,-1,1,-1,2,0,1,-1,-1,-1,0,-1,0,0,1,0,-1,-1,0,0,0,-1,-1,-1,-1,-1,-1,1,0,0,1,-1,-1,1,1,1,-1,-1,-1,1,-1,-1,-1,-1,-1,-1,-1,1,-1,-1,-1,-1,-1,1,-1,0,-1,0,-1,0,0,1,-1,-1,0,-1,-1,1,0,1,-1,0,-1,0,0,
buena-vista-social-club-adios-2017_Matt Zoller Seitz,2.0,1,-1,-1,-1,-1,1,-2,-1,-1,-1,-1,-1,0,-1,-1,1,-1,0,-1,
burning-sands-2017_Matt Zoller Seitz,3.0,1,-1,-1,-1,-1,1,-1,1,-1,-2,-1,-1,-1,-1,-1,0,-1,-1,-1,1,-1,0,-1,-1,-1,-1,
cameraperson-2016_Matt Zoller Seitz,4.0,-1,0,-1,2,-1,-1,1,-1,0,-1,0,1,-1,-1,0,0,1,1,-1,1,-1,-1,-1,1,-1,-1,-1,0,0,0,0,-1,-1,0,-1,-1,-1,-1,1,-1,-1,-1,-1,-1,0,-1,
camp-x-ray-2014_Matt Zoller Seitz,3.0,1,1,1,1,-1,1,1,1,1,-1,-1,2,-1,-1,-1,-1,-1,-1,-1,-1,-1,1,-1,-1,-1,1,1,-1,-1,0,-1,-1,1,-1,1,1,-1,2,-2,-1,1,1,-1,-2,
can-we-take-a-joke-2016_Matt Zoller Seitz,1.5,-1,-1,-1,-1,-1,-1,-1,-2,0,-1,-1,-1,-1,-1,-1,-1,1,-1,-2,-1,-1,-1,-1,1,1,-1,-2,-1,-1,0,-1,0,-1,-1,
captain-america-civil-war-2016_Matt Zoller Seitz,3.0,-1,2,-2,-1,1,0,-1,-1,-1,-1,1,-1,-1,-1,1,1,-1,0,-1,-1,-1,1,-1,-2,-1,-1,0,-1,-1,-1,1,1,-1,1,1,-1,-1,1,-2,-1,-1,-1,-1,0,1,
captain-underpants-the-first-epic-movie-2017_Matt Zoller Seitz,3.5,-1,-1,-2,-1,-1,1,1,-1,0,-1,-1,-1,-1,-1,-1,1,-2,-1,0,-1,-2,-1,-1,-1,-1,-1,-1,1,1,-1,-1,-1,1,-1,1,-1,-1,1,-1,-1,-1,0,
cars-3-2017_Matt Zoller Seitz,2.5,-1,-2,-1,-1,-1,-1,0,-1,-1,-1,-1,-1,-1,0,-1,-1,-2,-1,0,-1,-1,0,1,-1,-1,-1,-1,-1,1,-1,1,1,-1,1,-1,1,0,1,-1,1,
central-intelligence-2016_Matt Zoller Seitz,3.5,-1,1,-1,0,1,1,-1,-1,-1,-1,-1,-1,1,1,0,0,1,0,0,0,0,-1,-1,-1,0,1,-1,1,-1,-1,-1,-1,-1,2,-1,-1,0,1,1,1,-1,-1,1,2,-1,1,-1,1,-1,
chi-raq-2015_Matt Zoller Seitz,4.0,1,-1,1,-1,1,1,0,-1,1,-1,1,-1,-1,0,-1,1,1,-1,-1,0,-1,-1,-1,1,-1,-1,-1,-1,0,-1,2,0,-1,-1,1,1,1,-1,1,-1,-1,1,-1,0,1,1,-1,0,1,-1,0,1,1,-1,-1,-1,1,-1,-1,
coco-2017_Matt Zoller Seitz,4.0,1,-1,1,-1,-1,-1,-1,-1,1,-1,-1,-1,-1,-1,-1,1,-1,-1,-1,-1,-1,2,1,-1,1,1,1,-1,1,
code-black-2014_Matt Zoller Seitz,2.5,1,1,-1,-1,-1,-1,-1,-1,-1,-1,-1,-1,1,-1,-1,-1,-1,-1,-1,-1,0,0,-1,0,-1,1,1,1,-1,-1,-1,-1,0,0,0,1,-1,-1,1,1,
coherence-2014_Matt Zoller Seitz,3.0,1,-1,1,0,0,0,-1,-1,-1,-1,-1,-1,-1,-1,0,1,-1,-1,1,-1,-1,-1,0,0,0,-1,-1,-1,1,-1,2,
colossal-2017_Matt Zoller Seitz,3.5,0,-1,-1,1,-1,-1,0,-1,0,-1,1,-1,-1,1,-1,1,-1,-1,-2,1,1,1,1,1,-1,-1,1,-1,-1,-1,2,-1,0,0,
contemporary-color-2017_Matt Zoller Seitz,3.0,0,2,-1,-1,-1,-1,-1,1,1,1,-1,1,0,-1,1,-1,-1,-1,-1,-1,-1,1,0,1,1,1,
crown-heights-2017_Matt Zoller Seitz,3.0,1,-2,-1,-1,-1,0,-1,-1,-1,-1,1,-1,-1,-1,1,1,-1,-1,-1,-1,-1,-1,1,1,-1,-1,1,2,-1,
da-sweet-blood-of-jesus-2015_Matt Zoller Seitz,3.0,-1,1,-1,-2,-2,-2,-1,-1,-1,-1,-1,-1,-2,-1,-1,-1,-1,1,-1,-1,-1,1,2,0,0,1,-1,
danny-collins-2015_Matt Zoller Seitz,3.5,2,1,-1,1,-1,1,-1,-1,-1,1,1,-1,1,-1,-1,-1,-1,0,-1,0,1,-1,-1,-1,1,-1,1,2,1,-1,1,
dark-night-2017_Matt Zoller Seitz,1.5,-1,-1,-1,-1,0,0,-1,-1,-1,-1,0,0,-1,-1,1,-1,-1,-1,-1,1,-1,-1,1,1,-1,-1,0,-1,1,-1,-1,-1,-1,-1,-1,1,-1,
david-brent-life-on-the-road-2017_Matt Zoller Seitz,1.5,-1,-1,-1,-1,0,-1,-2,1,1,-1,-1,-1,-1,-1,0,
dawn-of-the-planet-of-the-apes-2014_Matt Zoller Seitz,3.5,1,1,-1,-1,-1,1,0,1,1,1,0,1,1,-1,-1,-1,-1,0,1,-1,-1,1,-1,-1,1,-1,-1,-1,1,-2,1,-1,-1,-1,-1,-1,-1,-1,1,-1,-1,1,0,-1,-1,-1,-1,-1,1,-1,
devils-knot-2014_Matt Zoller Seitz,2.5,-1,-1,-1,-1,-1,2,-1,-1,1,1,0,-1,-1,-1,-1,1,-1,-1,1,-1,-1,-1,-1,-1,1,-1,-1,1,1,-2,-1,-1,-1,-1,1,-1,-1,-1,0,-1,
dirty-weekend-2015_Matt Zoller Seitz,1.0,-1,-1,-1,-1,-1,0,-1,-1,0,1,-1,-1,-1,-1,1,1,-1,-1,0,
divorce-corp-2014_Matt Zoller Seitz,2.0,0,-1,0,-1,-1,1,-1,-1,1,1,-1,-1,-1,-1,1,0,-2,-1,0,-1,0,0,-1,-1,-1,-1,-1,-1,-1,1,-1,-1,
do-not-resist-2016_Matt Zoller Seitz,3.0,-1,-1,-1,-1,-1,0,-1,-1,-1,-1,0,-1,-1,-1,-1,1,1,-1,-1,2,
dolores-2017_Matt Zoller Seitz,3.5,-1,1,1,1,0,0,-1,-1,0,0,-1,-1,-1,-1,-1,-1,-1,-1,-2,1,-1,-1,-1,-1,-1,-1,1,1,
don-peyote-2014_Matt Zoller Seitz,0.5,-2,-1,-1,-1,-1,-1,-1,-1,-1,-2,-2,-1,
dunkirk-2017_Matt Zoller Seitz,3.5,2,-1,-2,-1,-1,-1,1,-1,-2,-1,0,-1,2,-1,-1,-1,-1,1,-1,1,-1,1,-1,-1,-1,1,-1,1,-1,-1,-1,1,0,1,0,1,-1,0,1,-1,-1,1,1,-1,-1,1,-1,2,-1,-1,-1,
dying-of-the-light-2014_Matt Zoller Seitz,2.0,-1,1,-1,0,-1,-1,-1,-1,-1,-1,0,-1,-1,-1,-1,-1,-1,-1,-1,-1,-1,-1,-1,-2,0,-1,-1,-1,-1,-1,-2,-1,-1,-1,-1,-1,1,-2,-1,-1,-1,
edge-of-tomorrow-2014_Matt Zoller Seitz,3.5,-1,1,1,-1,0,-1,1,-1,-1,-1,0,-1,-1,1,-1,-1,0,-1,-1,-1,-1,-1,-1,-1,-1,1,-1,1,0,1,1,1,-1,0,1,1,2,-1,-1,-1,1,0,-1,-1,-1,0,1,0,-1,-1,1,1,-1,
elvis-and-nixon-2016_Matt Zoller Seitz,2.0,-1,-1,-1,-1,1,-1,-1,-2,-1,1,1,1,1,1,2,-1,-1,1,-1,-1,1,-1,-1,-2,1,1,1,-1,1,-1,1,-1,1,1,-1,0,-1,
embrace-of-the-serpent-2016_Matt Zoller Seitz,3.0,0,1,-1,2,-1,-1,1,-2,-1,-1,-1,-1,0,-1,1,-1,-1,-1,-1,-1,-1,1,-1,0,-1,-1,0,-1,1,-1,-1,-1,-1,-1,
enemies-closer-2014_Matt Zoller Seitz,2.5,-1,-1,-1,-1,-1,-1,1,0,-1,-1,1,-1,1,-1,1,-1,-1,-1,1,1,-1,0,-1,-1,0,
equals-2016_Matt Zoller Seitz,2.5,-1,-1,-1,-1,1,-1,-1,-1,-1,-1,1,-1,-1,0,1,-1,2,-1,2,-1,1,-1,1,1,0,1,1,-1,0,0,0,-1,1,-1,-1,1,-1,0,
evolution-of-a-criminal-2014_Matt Zoller Seitz,2.5,-1,-1,-1,-1,-1,-1,-1,-1,-1,1,-1,-1,-1,-1,-1,-1,1,-1,-1,1,-1,-1,-1,-1,-1,0,-1,-1,1,-1,-1,-1,-1,1,-1,-1,-1,0,
ex-libris-new-york-public-library-2017_Matt Zoller Seitz,3.0,-1,-1,0,0,-1,-1,-1,0,-1,-1,0,-1,-2,1,-1,0,0,-1,-1,0,0,-1,0,-1,1,-1,0,-1,-1,-1,1,-1,-2,1,-1,-1,1,-1,-1,1,-1,-1,1,1,0,
ex-machina-2015_Matt Zoller Seitz,4.0,1,-1,1,-1,-1,-1,-1,-1,-1,1,-1,-1,1,1,1,-1,-1,1,1,-1,-1,-1,1,-2,-2,-1,-1,1,-1,1,-1,-1,-1,1,1,1,-1,1,2,2,2,
fantastic-four-2015_Matt Zoller Seitz,1.5,-1,-1,1,-1,-1,1,1,1,-1,0,-1,-1,1,-1,-1,-2,1,-1,-1,0,-1,1,-1,1,-1,-1,-1,-1,-1,-2,1,-1,-2,1,1,-1,-1,0,-1,1,1,-1,2,-1,1,-1,-1,-1,1,-1,
finding-fela-2014_Matt Zoller Seitz,2.5,-1,-1,-1,1,-1,-1,-1,-1,-1,-1,2,-2,-1,1,0,-1,1,-1,1,1,
first-they-killed-my-father-2017_Matt Zoller Seitz,4.0,1,-1,0,1,-1,-1,-1,-1,-1,1,-1,0,-1,-1,1,-1,0,-1,-1,-1,1,-1,-1,-1,-1,-1,-1,0,-1,-2,-1,-1,-1,-1,-1,-1,0,-1,-1,-2,-1,-1,-1,1,-1,-1,-1,-1,-1,1,-1,
flatliners-2017_Matt Zoller Seitz,1.5,-1,-1,-2,-2,-1,-1,-1,1,-1,-1,0,-1,-1,-1,-1,-1,-1,1,-2,-2,-1,1,
foxcatcher-2014_Matt Zoller Seitz,2.5,1,1,1,1,1,-1,-1,-1,-1,1,1,-1,1,-1,-1,-1,-1,1,1,0,-1,-1,-1,-1,-2,-1,-1,1,1,-1,-1,-1,-1,-1,-1,-2,1,-1,-1,-1,-1,0,-1,-1,2,-1,1,-1,-1,0,-1,-1,1,-1,-1,-1,-1,-1,-2,1,2,-1,-1,-1,
frank-and-lola-2016_Matt Zoller Seitz,2.0,1,1,-1,-1,1,-1,-1,0,-1,1,-1,1,-1,-1,-1,-1,-1,1,0,1,1,1,-1,
free-fire-2017_Matt Zoller Seitz,2.0,-1,-1,-1,-1,-1,2,-1,1,-1,-1,-1,1,-1,-1,1,-1,2,1,1,-2,-1,-1,
gabriel-2015_Matt Zoller Seitz,3.0,1,-1,-1,1,0,1,-1,1,-1,-2,-1,-1,0,-1,1,-1,-1,1,-1,-1,-1,-1,1,1,0,1,-1,-1,-1,0,0,1,2,0,-1,1,-1,-2,2,
get-hard-2015_Matt Zoller Seitz,2.0,-1,-1,1,1,-1,-1,-1,1,-1,-1,0,-1,-1,-1,-1,-1,-1,-1,0,-1,-1,-1,-1,-1,-2,-1,-1,-1,0,-1,1,0,0,-1,-1,-1,1,-1,
gett-the-trial-of-viviane-amsalem-2015_Matt Zoller Seitz,4.0,1,2,-1,-1,-1,-1,0,-2,-1,-1,-1,-1,-1,-1,-1,0,1,1,-1,-1,-1,-1,-1,1,-1,1,-1,-1,-1,-1,1,-1,1,-1,-2,-1,1,
glassland-2016_Matt Zoller Seitz,3.0,-1,-1,-1,-1,-1,-2,-1,0,-1,-1,0,1,1,-1,1,0,-1,1,0,0,-1,0,0,0,0,1,-1,-1,0,-1,-1,-1,1,-1,-1,-1,-1,1,0,-1,-2,0,-1,-1,0,-1,-1,0,0,
gleason-2016_Matt Zoller Seitz,3.5,1,-1,1,1,1,2,-1,-1,-2,-1,1,1,2,-1,0,-1,1,2,
goat-2016_Matt Zoller Seitz,2.5,-1,-1,-1,-1,-2,-1,-1,-1,-1,-1,-1,-1,1,-1,-1,-1,-1,-2,-1,-1,-1,-1,1,-1,-1,-2,
gods-of-egypt-2016_Matt Zoller Seitz,2.0,-1,1,-1,-1,-1,-1,-1,-1,-1,-1,-1,-1,1,-1,-1,-1,-1,-1,1,0,-1,0,-1,1,1,-1,-1,-1,-1,1,-1,-1,-1,-1,-1,-1,1,-1,
godzilla-2014_Matt Zoller Seitz,3.5,-1,0,2,-1,0,-1,0,-1,-1,0,-1,1,1,-1,-1,1,1,-1,-1,-1,-1,1,-1,-1,-1,-1,-2,-1,1,-1,-1,-1,0,1,1,0,0,-1,-1,-1,-1,-1,1,-1,
gold-2017_Matt Zoller Seitz,2.0,1,-1,1,-1,-1,1,-1,-1,-1,1,1,1,1,-1,0,-1,-1,1,1,0,-1,-1,1,-2,-1,-1,-1,-1,-1,-1,-1,-1,-1,0,-1,
gone-girl-2014_Matt Zoller Seitz,3.5,2,-1,-1,0,0,-1,1,-1,1,-1,1,0,0,0,0,1,-2,-1,-1,-1,-1,-1,-1,-1,1,-1,1,0,1,-1,-1,0,-1,-1,-1,-1,-1,0,-1,-1,0,-1,-1,-1,-1,1,0,-1,-1,1,-1,1,-1,-1,-1,0,-1,1,1,1,2,-1,-1,-1,-1,1,-1,1,
good-kill-2015_Matt Zoller Seitz,2.5,-1,1,-1,1,1,-1,0,1,-1,1,-2,-1,0,0,-1,-1,-1,-1,-1,1,-1,-1,-2,-1,-1,1,
goodbye-to-language-2014_Matt Zoller Seitz,3.5,-1,-1,1,0,0,-1,-1,-1,-1,-1,-1,-1,0,0,1,-1,-1,0,0,-1,1,-1,1,-1,0,-1,-1,-1,-1,-1,1,1,1,-1,-1,0,0,-1,-1,1,-1,-1,1,
hacksaw-ridge-2016_Matt Zoller Seitz,2.5,-2,-1,1,-1,-1,0,-1,-1,-2,-1,-1,-1,-1,-1,-1,-1,-1,-1,-1,-1,1,-1,-1,-1,-1,-1,-1,-1,-1,-1,-1,1,0,-1,-1,-1,-1,-1,0,-1,0,-1,-1,1,1,-1,1,0,-1,1,2,-1,1,-1,
handsome-2017_Matt Zoller Seitz,2.0,1,0,1,1,-1,-1,-1,-1,1,-1,1,0,1,-1,-1,1,0,0,0,-1,-1,-1,0,1,-1,1,1,1,0,-1,
happy-valley-2014_Matt Zoller Seitz,3.0,-1,-1,-1,-2,-1,-1,-1,-1,-1,-1,-1,-1,0,-1,1,-1,-1,-1,0,-1,1,1,-1,-1,-1,-1,1,-1,-1,
holy-hell-2016_Matt Zoller Seitz,1.5,1,1,-1,0,-1,-1,-1,-1,-1,0,0,-1,1,-1,-1,-1,-1,-2,-1,1,-1,-1,1,0,0,0,
horse-money-2015_Matt Zoller Seitz,3.5,0,-1,-1,-1,-1,-1,-1,-1,0,0,0,-1,-1,-1,-1,1,-1,0,-1,1,1,-1,-2,-1,-1,-1,-1,-1,0,0,-1,-1,-1,-1,-1,1,-1,-1,1,1,-1,0,-1,-1,
human-capital-2015_Matt Zoller Seitz,2.0,-1,1,1,-1,-1,-1,0,-1,1,-1,-1,-1,1,-1,-1,1,1,-1,-1,0,-1,1,-1,-1,1,1,-1,-1,1,-1,
hunter-gatherer-2016_Matt Zoller Seitz,3.0,-1,0,0,-1,-1,2,-1,-1,-1,1,-1,1,-2,-1,-1,-1,1,-1,0,-1,-1,0,-1,-1,-1,-1,-1,0,1,-1,1,-1,-1,-1,-1,0,-1,-2,1,-1,-1,1,1,
i-am-ali-2014_Matt Zoller Seitz,2.5,-1,-1,1,-2,0,1,-1,-1,-1,-1,-1,-1,-1,-1,0,
i-am-not-your-negro-2016_Matt Zoller Seitz,3.5,2,1,-1,-1,-1,1,-1,1,1,-1,1,-1,0,-1,-1,-1,-1,-1,-1,0,-1,1,0,-1,1,1,-1,-2,0,1,
i-dont-feel-at-home-in-this-world-anymore-2017_Matt Zoller Seitz,3.0,0,1,-1,-1,-1,-1,-1,-1,-1,-1,-1,2,1,1,1,1,
i-love-you-daddy-2017_Matt Zoller Seitz,0.5,-1,-1,-1,-1,-1,1,-1,-1,1,-1,1,-1,1,-1,-1,-1,-1,1,-1,-1,1,-1,1,-1,0,-1,-1,-1,-1,-2,-1,-2,-1,-1,-1,-1,1,0,1,0,0,1,
if-you-dont-i-will-2014_Matt Zoller Seitz,3.0,0,-1,-1,0,-1,-1,-1,-1,-1,0,0,0,0,-1,-1,0,-1,-1,-1,1,-1,-1,1,1,0,0,
in-jackson-heights-2015_Matt Zoller Seitz,3.5,-1,0,-1,-1,1,-1,-1,-1,-1,1,1,1,0,0,0,0,0,-1,1,1,-1,-1,-1,0,-1,-1,-1,0,-1,1,1,-1,-1,1,1,0,-1,-1,0,-1,0,0,1,-1,-1,1,2,1,-1,-1,-1,-1,-1,-1,-1,1,
in-the-heart-of-the-sea-2015_Matt Zoller Seitz,2.0,0,1,-1,-1,-1,-1,0,-1,-1,-1,0,-1,-1,-1,0,1,-1,-1,-1,-1,-1,-1,-1,-1,-1,-1,-1,-1,-1,0,-1,-1,2,-1,1,-1,-1,
in-transit-2017_Matt Zoller Seitz,3.5,1,-1,-1,1,1,1,-1,1,1,-1,-1,2,-1,1,1,-1,1,-1,-1,-2,2,-1,-1,-1,-1,-1,-1,-1,-1,2,-1,0,1,2,1,-2,-1,-1,1,
indias-daughter-2015_Matt Zoller Seitz,3.0,1,-1,-1,0,-1,-1,-1,-2,-1,-1,-1,-1,-1,1,-1,2,-1,-1,1,
inherent-vice-2014_Matt Zoller Seitz,4.0,-1,1,-1,1,-1,1,0,1,-1,0,-1,1,-1,-1,-1,-1,-1,1,-1,0,-1,0,0,-1,-1,1,-1,-1,-1,1,-1,-1,0,0,-1,-1,-1,-1,0,1,-1,-1,-1,0,0,-1,-1,-1,-1,0,0,-1,1,0,1,-1,-1,0,1,-1,1,1,-1,0,0,-1,0,1,1,-1,1,-1,0,0,0,
inside-out-2015_Matt Zoller Seitz,4.0,1,-1,-1,2,-1,-1,1,-1,0,-1,0,0,-1,0,1,-1,0,1,-1,1,0,-1,1,-1,1,-1,-1,-1,1,1,-1,-1,1,1,-1,1,-1,-1,-1,1,1,-2,-2,-1,-1,-1,1,-1,-1,1,-1,-1,-1,-1,1,1,0,-1,-1,0,-1,0,1,
interior-leather-bar-2014_Matt Zoller Seitz,2.5,0,-1,-1,-1,1,-1,-1,-1,1,1,1,-1,0,-1,-1,-1,-1,-1,-1,0,-1,-1,0,0,-1,0,-1,-1,-1,-1,0,-1,-1,1,-1,0,0,0,-1,-1,1,0,-1,-1,-1,-1,-1,1,1,-2,1,1,0,-1,-1,
interstellar-2014_Matt Zoller Seitz,3.5,-1,0,-1,-1,0,1,1,-1,-1,-1,-1,-1,-1,1,-1,0,0,-1,1,-1,-1,-1,-1,-1,-1,1,1,-1,-1,-1,1,-1,-1,-2,-1,-1,1,-1,-1,-1,1,-1,-1,-2,-1,-1,0,1,1,-1,
into-the-inferno-2016_Matt Zoller Seitz,3.0,1,-1,0,0,1,-1,0,-1,-1,1,1,1,-1,-1,0,1,-1,-2,1,2,1,1,-1,-1,-1,-1,-1,1,-1,1,-1,-1,0,-1,-1,0,2,1,-1,-1,-1,1,
irrational-man-2015_Matt Zoller Seitz,1.5,-1,-1,-1,-1,-1,1,1,-1,-1,-1,-1,-1,-1,1,-1,0,1,-1,0,-1,-1,-2,0,0,-1,-1,-1,-1,-1,-1,-1,-2,-2,-1,-1,-1,-1,-1,0,0,-1,
it-felt-like-love-2014_Matt Zoller Seitz,2.5,1,1,-1,-1,-1,0,-1,-1,-1,1,0,-1,-1,-1,-1,1,-1,-1,1,-1,-1,-1,1,-1,-1,-1,1,1,-1,-1,0,-1,-1,-1,-1,2,1,-1,1,-1,-1,1,-1,1,-1,1,1,1,-1,1,0,1,1,1,1,-1,
jack-reacher-never-go-back-2016_Matt Zoller Seitz,2.0,-1,-1,-1,-1,-2,-1,0,-1,-2,1,-1,-1,0,1,-2,-1,1,-1,-1,2,-1,-1,-1,-1,1,-1,-1,-2,1,0,
jackie-2016_Matt Zoller Seitz,2.5,-1,1,1,1,-1,0,-1,1,-1,0,-1,-1,-1,1,-1,2,-1,1,-1,-1,-1,1,1,-1,-1,-1,-1,-1,1,-1,1,-1,1,2,-1,1,-1,
jauja-2015_Matt Zoller Seitz,3.5,1,1,1,-1,-1,-1,-1,-1,-1,-1,-1,1,-1,-1,-1,-2,1,-1,2,1,-1,0,-1,-1,0,-1,
jem-and-the-holograms-2015_Matt Zoller Seitz,3.0,-1,0,-1,0,-1,1,-1,0,-1,1,-1,-1,-1,-1,-1,1,1,-1,1,-1,0,0,1,-1,-1,1,1,-1,-1,-1,1,-1,-1,1,1,
jimmy-p-2014_Matt Zoller Seitz,3.5,-1,1,1,1,1,-1,-1,1,1,1,0,1,1,1,0,-1,1,-1,-1,-1,-1,-1,-1,-1,-1,-1,-1,-1,1,-1,1,1,
jodorowskys-dune-2014_Matt Zoller Seitz,3.0,1,1,1,-1,-1,-1,-1,-1,-1,-1,-1,-1,-1,-1,1,-1,-1,-1,-1,-1,-1,0,-1,-1,-1,-1,1,-1,0,-1,-1,-1,-1,1,1,-1,
jupiter-ascending-2015_Matt Zoller Seitz,2.0,-1,1,-1,-1,1,1,-1,-1,-1,-1,-1,-1,1,-1,-2,-2,-1,-1,1,1,1,-1,-1,0,-1,-1,-1,-1,-1,1,-1,-1,-1,-1,-1,-1,-1,-1,-1,-1,-1,-1,-1,1,-1,-1,
jurassic-world-2015_Matt Zoller Seitz,3.0,1,-2,1,-1,-1,1,-1,-1,1,-1,-1,-1,-1,-1,0,1,-1,-1,1,-1,-1,-1,-1,0,-1,-1,0,-1,-1,-2,-1,-1,-1,-1,-1,-1,1,-1,2,
justice-league-2017_Matt Zoller Seitz,3.0,-1,-1,-1,-2,-1,-1,1,-1,-1,-1,1,-1,-1,-1,-1,-1,-1,1,-1,-1,-1,0,-1,-1,-1,0,0,1,1,-1,-1,-1,0,-2,-1,-2,0,1,
kate-plays-christine-2016_Matt Zoller Seitz,3.5,-1,0,0,1,-1,-1,1,1,-2,-1,1,1,-1,-1,-1,-1,-1,-1,-1,-1,-1,1,1,
king-arthur-legend-of-the-sword-2017_Matt Zoller Seitz,1.5,1,1,1,1,-1,-1,-1,-1,-1,-1,2,1,1,-1,-1,-1,-1,-1,0,1,-2,-1,-1,0,-1,-1,-2,-1,1,-1,0,-1,-2,1,-1,2,0,0,
knight-of-cups-2016_Matt Zoller Seitz,4.0,-1,0,-1,-1,0,1,-1,0,-2,0,0,0,-2,-1,-1,0,0,-1,-1,-1,0,-1,-1,1,0,-1,0,-1,-1,-1,0,0,0,0,0,-1,-1,-1,0,0,-1,-1,-1,-1,-1,-1,-1,-1,-1,-1,-1,-1,-1,-1,1,-1,-1,0,1,-1,0,-2,-1,-1,0,-1,1,-1,1,-1,2,-1,-1,-1,1,-1,0,0,1,1,-1,-1,-2,1,-1,-1,1,-1,2,1,-1,0,0,-1,1,-1,-1,-1,0,-1,0,1,0,0,-1,-1,0,-1,0,1,-1,1,1,1,-1,1,-1,
kong-skull-island-2017_Matt Zoller Seitz,3.0,1,1,-1,-1,1,-1,-1,-1,-1,-1,-1,-1,-1,1,-1,-1,-1,-1,-1,1,-1,-1,-1,0,-1,-2,1,0,1,-1,-1,-2,-1,-1,-1,-1,-1,-1,0,1,-1,-1,0,-1,-1,1,
lamb-2016_Matt Zoller Seitz,2.5,-1,-1,-1,1,-1,-1,-1,1,-1,-1,1,-1,0,-1,1,-1,2,-1,-1,2,-1,-1,-1,1,-1,-1,-1,-1,1,-1,-1,-1,-1,1,
leap-2017_Matt Zoller Seitz,1.5,1,-1,-1,-1,1,1,0,-2,-1,1,-1,-1,-1,-2,-1,-1,-2,-1,-1,1,-1,-1,0,-2,-2,-1,-2,-1,-1,1,0,
life-itself-2014_Matt Zoller Seitz,3.5,-1,-1,-1,-1,-1,1,1,-1,-1,1,-1,0,-1,-1,1,-1,-1,1,-1,1,2,1,-1,-1,1,1,-1,-1,0,1,0,-1,1,-1,0,1,-1,-1,-1,0,-1,-1,-1,-1,-1,-1,-1,-1,-1,-1,1,-1,-1,1,-1,-1,1,1,0,-1,0,0,0,1,-1,1,0,
lo-and-behold-reveries-of-the-connected-world-2016_Matt Zoller Seitz,3.0,0,0,2,0,1,-1,-1,1,-2,1,-1,-1,-1,-1,2,-1,-1,-1,1,-1,-1,-1,-1,-1,-1,-1,-1,-1,-1,-1,-1,-1,-1,0,1,-1,
logan-lucky-2017_Matt Zoller Seitz,3.5,1,1,-1,-1,2,0,-2,-1,-1,-2,-1,-1,1,-1,-1,1,-1,0,0,0,-1,1,-1,1,-1,0,0,-1,0,-1,-1,-1,0,1,-1,-1,-1,0,-1,-1,-1,1,1,-1,-1,1,0,-1,1,-1,-1,
london-road-2016_Matt Zoller Seitz,2.0,1,-2,-1,-1,-1,-1,1,-1,-1,-1,-2,1,-1,-1,1,
love-and-friendship-2016_Matt Zoller Seitz,3.5,0,1,1,-1,-1,0,-1,-1,-1,-1,-1,2,1,-1,0,-1,-2,-1,1,1,1,1,0,1,-1,-2,-1,-1,-1,1,1,1,-1,1,1,
low-down-2014_Matt Zoller Seitz,3.5,1,-1,0,-1,-1,0,0,1,0,-1,-1,1,1,-1,1,-1,1,0,1,-1,0,0,1,-1,-1,1,-1,1,-1,0,1,1,1,1,-1,1,-1,1,-1,1,1,1,-1,1,1,-1,-1,-2,-1,1,-1,1,1,-1,
lucky-2017_Matt Zoller Seitz,4.0,-1,-1,2,-1,-1,1,-1,1,-1,1,1,-1,1,-1,-1,-1,-1,-1,-1,1,1,0,0,0,0,-1,-1,1,1,1,1,0,1,-1,1,-1,-1,-1,-1,0,
lucy-2014_Matt Zoller Seitz,3.0,-1,-1,-1,-1,-1,1,1,-1,-1,1,-2,-1,-1,1,0,-1,-1,-1,-1,-1,0,-1,1,-1,-1,-1,1,1,-1,-1,-1,1,0,1,1,-1,1,0,
magic-mike-xxl-2015_Matt Zoller Seitz,3.0,-1,1,-1,2,-1,-1,-1,-1,-1,0,1,-1,-1,-1,1,-1,-1,-1,-1,0,-1,-1,-1,-1,-1,-1,1,-1,-1,1,0,1,1,-1,-1,1,-1,-1,0,0,-1,-1,-1,-1,-1,2,-1,
maleficent-2014_Matt Zoller Seitz,3.0,1,-1,1,1,-1,0,1,-1,-1,0,1,0,1,-1,-1,1,1,-1,1,-1,-1,0,-1,-1,-1,-1,-1,-1,-1,-1,-1,0,-1,-2,0,0,1,1,-2,0,1,-1,1,-1,-2,0,-1,0,
manchester-by-the-sea-2016_Matt Zoller Seitz,4.0,1,1,-1,0,0,1,-2,-1,-1,-1,-1,-1,-1,-1,-1,-1,-1,-1,-1,-1,-1,-1,-1,-1,-1,-1,-1,-1,1,-1,0,-1,1,-1,-1,1,-1,-1,0,-1,-1,0,1,-1,-1,1,-1,-1,-1,1,-1,-1,
maps-to-the-stars-2015_Matt Zoller Seitz,3.0,-1,-1,-1,1,-1,-1,-1,-1,-1,-1,-1,-1,-1,-1,0,0,-1,1,-1,-1,1,0,-1,-1,2,-1,-1,1,-1,-1,-1,-1,-1,-1,1,1,-1,-1,1,-1,
marshall-2017_Matt Zoller Seitz,3.5,1,-2,-1,1,-1,-2,-1,-1,-1,1,-1,-1,-1,-1,-1,1,-1,1,2,-1,-1,-1,-1,-1,0,1,1,1,1,-1,-1,1,-1,-1,1,1,0,
masterminds-2016_Matt Zoller Seitz,3.0,0,-1,-1,-1,-1,1,-1,-1,-1,-1,-1,-1,0,0,-1,-1,-1,1,1,-2,1,-1,0,-1,-1,-1,-2,1,-1,1,-1,-1,
matt-shepard-is-a-friend-of-mine-2015_Matt Zoller Seitz,4.0,2,-1,-1,1,-1,-1,1,0,-1,-1,-1,1,-1,-1,1,1,1,-1,1,1,-1,-1,1,-1,-1,-1,2,1,0,
mccanick-2014_Matt Zoller Seitz,1.0,-1,-1,0,-1,-1,0,-1,-1,-1,-1,-1,1,1,-1,-1,-1,-1,0,-1,0,-1,
memphis-2014_Matt Zoller Seitz,2.0,1,-1,-1,-1,-1,-1,0,-1,-1,-2,1,0,-1,1,-1,-1,-1,0,-1,1,-1,-1,-1,-1,-1,1,-1,-1,1,
merchants-of-doubt-2015_Matt Zoller Seitz,3.0,0,-1,-1,-1,-1,1,-1,-1,-1,-1,1,-1,-1,-1,-1,-1,-1,-1,-1,-1,1,-1,-1,-1,1,-1,-1,1,-1,-1,
misery-loves-comedy-2015_Matt Zoller Seitz,2.5,-1,-1,-1,2,-1,1,-1,-1,-1,-1,-1,-1,-1,-1,-1,-1,-1,-1,-1,
mission-impossible---rogue-nation-2015_Matt Zoller Seitz,4.0,-1,1,-1,-2,-1,0,-1,-1,-1,-1,-1,-1,0,0,-1,-2,-1,-1,-1,-1,-1,-1,-2,-1,1,-1,1,1,-1,-1,0,1,-1,-1,0,-1,1,-1,-1,-2,-1,1,-1,-1,0,1,-1,-1,-1,1,-1,-1,-1,-1,-1,-1,-1,1,1,
mississippi-grind-2015_Matt Zoller Seitz,3.5,0,0,-1,1,-1,1,1,1,0,-1,-1,0,-1,-1,0,-1,-1,-1,1,0,-1,-1,-1,-1,-1,-1,1,1,-1,-1,-1,-1,-1,-1,2,1,2,1,-1,-1,1,1,-1,
mistress-america-2015_Matt Zoller Seitz,3.0,-1,-1,1,-1,1,-1,-1,-2,-1,1,1,-1,-1,-1,-1,-1,0,1,1,-1,1,1,1,-1,0,0,1,-1,-1,-1,1,-1,-1,-1,-1,1,-1,-2,1,
mood-indigo-2014_Matt Zoller Seitz,2.5,-1,1,0,-1,1,-1,0,-1,1,-1,-1,-1,-1,-1,1,-1,-1,-1,2,-1,-1,1,0,1,0,0,-1,-1,-1,-1,-1,-1,0,-1,-1,-1,-1,-1,-1,-1,-1,
mr-peabody-and-sherman-2014_Matt Zoller Seitz,2.5,-1,1,1,-1,0,-1,-1,1,-1,-1,0,1,-1,-1,0,-1,1,1,-1,-1,-1,0,-1,1,1,1,-1,0,-1,-1,-1,-1,-1,-1,-1,-1,0,-1,-1,1,-1,-1,-1,-1,1,-2,1,0,
mr-right-2016_Matt Zoller Seitz,1.5,1,-1,0,1,-1,-1,-1,1,-1,-1,-1,-1,-1,
mr-turner-2014_Matt Zoller Seitz,3.5,1,1,0,0,-1,-1,1,-1,-1,0,-1,-1,-1,1,-1,-1,1,-2,-1,1,1,1,1,0,-1,1,-1,
newtown-2016_Matt Zoller Seitz,3.5,-1,1,-1,1,0,-2,-1,0,-1,0,1,-1,1,1,1,-1,-1,-1,-1,0,0,0,-1,-1,
nightcrawler-2014_Matt Zoller Seitz,4.0,-1,-1,-1,1,1,-1,0,-1,-1,-2,-1,-1,-1,-1,-1,-1,-1,-1,-1,-1,1,-1,-1,-1,-1,1,1,1,1,1,1,-1,0,-1,-1,-1,1,1,1,
no-stone-unturned-2017_Matt Zoller Seitz,2.5,-1,-2,0,1,0,-1,-1,1,-1,-1,-1,-1,0,-1,1,-1,-1,1,1,-2,-1,-1,-1,-1,-1,-1,0,
noah-2014_Matt Zoller Seitz,3.0,-1,2,-1,0,-1,1,1,0,0,0,-1,-1,1,0,1,1,1,-1,-1,0,1,0,-1,-1,-1,-2,-1,-1,1,-1,0,-1,-1,-1,-1,-1,1,-1,1,-1,-1,-1,-1,0,0,-1,-1,-1,-1,-1,-1,-1,-1,-1,0,-1,1,-1,-2,-1,-1,-1,1,-1,-1,-1,1,-2,1,0,-1,1,-1,-1,-1,
noble-2015_Matt Zoller Seitz,3.0,-1,1,1,-1,-1,-1,-1,-1,-1,-1,-1,-1,-1,-1,-1,-1,1,-1,-1,-1,-1,-1,1,
norman-lear-just-another-version-of-you-2016_Matt Zoller Seitz,3.0,1,1,-1,0,-2,2,-1,-1,1,1,-1,-1,1,1,-1,-1,-1,-1,1,-1,-1,0,-1,-1,-1,-1,-1,2,1,
now-you-see-me-2-2016_Matt Zoller Seitz,2.0,1,-1,-2,-2,-1,1,-1,2,-1,-1,-1,-1,-1,-2,-1,-1,-1,-1,-1,-1,2,-1,-1,1,-1,1,-1,1,0,1,-1,-1,-1,-1,-1,
okja-2017_Matt Zoller Seitz,3.5,1,-1,-1,1,-1,1,-1,-1,0,-1,-1,-1,-1,-1,0,1,-2,-1,-1,0,-1,-1,-1,-1,-1,-1,-1,-1,0,-1,0,-1,-1,2,1,1,-2,-2,-1,-1,-1,1,1,2,-1,1,-1,0,1,1,-1,-1,1,1,-1,
one-of-us-2017_Matt Zoller Seitz,3.5,0,0,-1,0,1,-1,-1,-1,-1,-1,1,-1,0,-1,1,-1,0,-1,
patti-cake-2017_Matt Zoller Seitz,3.0,-1,-1,0,1,1,-1,-1,-1,1,-1,1,1,1,-1,-1,-1,-1,-1,-1,-1,1,1,-1,1,1,1,-1,-2,1,-1,-1,-1,1,2,
peace-officer-2015_Matt Zoller Seitz,3.5,1,-2,-1,-1,0,-1,1,1,-1,-1,-1,0,-1,-2,-2,-1,-1,-1,-1,1,-1,-1,-1,1,-1,-2,-1,2,
petes-dragon-2016_Matt Zoller Seitz,3.5,1,0,1,1,1,-1,-1,-1,-1,1,-1,-1,0,-1,0,1,-1,-1,1,0,2,0,1,-2,-1,-1,1,0,-1,0,-1,-1,-1,0,-1,-1,0,-1,0,0,-1,-2,2,-1,-1,-1,0,0,0,1,-1,
porto-2017_Matt Zoller Seitz,2.5,1,1,1,-1,1,1,-1,-1,0,1,-1,-1,0,-1,0,-1,1,-1,-1,
power-rangers-2017_Matt Zoller Seitz,2.5,-1,0,1,0,-1,-1,-1,-1,-1,-1,-1,-1,-1,0,-1,0,-1,-1,0,0,-1,1,-1,1,-1,1,1,1,0,1,-2,1,-1,1,1,-1,1,1,-1,-1,0,-1,1,1,1,1,-1,
private-property-1960_Matt Zoller Seitz,3.0,-1,0,-1,-1,-1,-1,-1,-1,-1,-1,0,0,1,1,-1,1,-1,-1,1,-1,-1,-1,1,-1,-1,1,1,1,-1,-1,-1,-2,-1,-1,-1,-1,-1,-1,-1,
rams-2016_Matt Zoller Seitz,3.0,-1,1,-2,-1,-1,2,-2,-1,-1,-1,-1,-1,1,
raze-2014_Matt Zoller Seitz,3.0,-1,-1,-1,-1,-1,0,1,0,-1,0,-1,-1,-1,1,0,0,0,-1,-1,-1,0,-1,-1,1,-1,-1,1,1,0,-1,0,-1,-1,1,-1,1,1,1,0,-1,0,
rebels-of-the-neon-god-2015_Matt Zoller Seitz,3.5,2,1,-1,-1,-1,0,-1,1,-1,-1,-1,-1,-1,-1,1,-2,-1,-1,1,-1,1,1,-1,1,
remember-2016_Matt Zoller Seitz,2.5,1,-1,-1,-1,-1,-1,-1,1,-1,-1,1,0,0,-1,-1,0,-1,0,-1,-1,-1,-1,-1,
remote-area-medical-2014_Matt Zoller Seitz,3.0,-1,-1,-1,-2,-1,-1,-1,0,0,0,1,-1,-1,0,1,-1,-1,0,1,1,-1,-1,-1,-1,-1,1,1,-1,-1,1,1,2,-1,
ride-2015_Matt Zoller Seitz,3.0,-1,-1,-1,-1,-1,0,-1,1,1,1,-1,-1,-1,-1,-1,2,-1,-1,-1,-1,-1,-1,-1,-1,-1,-1,-1,1,1,-1,0,1,-2,-1,0,1,0,-1,1,1,1,1,1,
risen-2016_Matt Zoller Seitz,2.5,1,-1,-2,0,1,-1,-1,-1,1,-1,-1,-1,-1,0,-1,-1,1,0,-1,0,-1,-1,-1,-1,-1,1,-1,1,-1,-1,-1,1,1,-1,0,0,0,0,-1,-1,1,-2,-1,-1,
rodney-king-2017_Matt Zoller Seitz,3.5,1,0,-1,-1,-1,-1,1,-1,-1,-1,1,1,-1,1,0,-1,-1,-1,-2,-1,-1,2,0,-1,
rogue-one-a-star-wars-story-2016_Matt Zoller Seitz,3.5,-1,1,1,-1,-1,-2,-1,-1,-1,-2,-1,-1,-1,1,-1,-1,1,-1,-1,-1,0,-1,-1,-1,1,-1,-1,-1,-1,-1,-1,-1,1,-1,1,-1,1,-1,1,-1,-1,-1,-1,-1,1,1,-1,0,-1,
rules-dont-apply-2016_Matt Zoller Seitz,3.0,-1,1,1,-1,-1,-1,-1,-1,-1,-1,-1,-1,1,-1,-1,1,0,-1,-1,1,-1,-1,1,-1,1,1,1,-1,-1,-1,1,-2,-2,2,1,-1,0,-1,-1,1,-1,-1,-1,0,
runoff-2015_Matt Zoller Seitz,3.5,-1,1,-1,1,-1,1,1,-1,-1,2,0,1,-1,-1,1,-1,-1,0,-2,-1,-1,-1,-1,-1,1,1,1,1,1,-1,-1,-1,-1,
sacro-gra-2013_Matt Zoller Seitz,3.5,1,-1,-1,-1,-1,0,-1,1,-1,-1,0,0,-1,1,-1,-1,1,1,-1,-1,-1,-1,1,1,-1,-1,1,1,-1,-1,-1,-1,-1,1,0,1,-1,-1,-1,1,1,-1,0,-1,-1,-1,1,-1,-1,-1,-1,-1,
sembene_Matt Zoller Seitz,3.0,-1,0,1,1,-1,1,-1,0,-1,1,1,0,-1,-1,-1,1,-1,-1,-1,-1,1,-1,-1,-1,-1,1,-1,-1,1,1,1,-1,-1,-1,1,-1,
silence-2016_Matt Zoller Seitz,4.0,2,-1,-1,-1,-1,1,1,-1,-1,-1,-1,-1,-1,0,0,0,0,-1,-1,-1,-1,-1,-1,-1,-1,0,-1,0,0,0,0,0,1,-1,-1,1,-1,-1,1,-1,-1,0,0,-1,-1,-1,-1,1,-1,-1,-1,-1,-1,1,0,1,
sleepless-2017_Matt Zoller Seitz,2.0,-1,-1,1,-1,1,1,-1,-1,-1,-1,-2,1,0,-1,-2,-1,-1,-1,1,-1,-1,-1,-1,-1,1,1,-1,-1,
some-kind-of-beautiful-2015_Matt Zoller Seitz,1.0,1,0,-1,1,-1,-1,-1,-1,1,-1,-1,-2,-1,-1,-1,-1,-2,1,
song-to-song-2017_Matt Zoller Seitz,2.5,-1,-1,1,-2,-1,1,-1,-1,-1,1,-1,0,-1,-1,1,-1,-1,2,1,0,-1,-1,0,-1,-2,-1,0,0,-1,-1,1,1,0,-1,2,-1,-1,0,-1,0,-1,1,-1,-1,-1,-1,-1,-1,1,-1,-1,-1,-1,-2,-1,-1,-1,-1,0,-1,-1,-1,-1,-1,1,0,
space-station-76-2014_Matt Zoller Seitz,3.0,-1,-1,1,0,1,-1,-1,0,0,1,-2,-1,-1,-1,-1,0,-1,-1,-1,0,-1,-1,1,-1,1,-1,-1,-1,0,-1,1,2,-1,-1,0,
spectre-2015_Matt Zoller Seitz,2.5,1,0,-1,-1,-1,-1,-1,-1,-1,-1,-1,-1,-1,-1,-1,0,-2,-1,-1,1,-1,1,-1,-1,1,0,0,-1,-1,-1,1,-1,-1,0,-2,0,-1,-1,-1,-1,0,-1,-1,-1,0,-1,1,1,-1,-1,1,-1,-1,-1,-1,-1,0,1,-1,0,-1,-1,-1,-1,-1,
stand-clear-of-the-closing-doors-2014_Matt Zoller Seitz,3.0,-1,0,1,-1,1,-1,-1,0,-1,-1,0,-1,-1,-1,-1,1,1,-1,-1,-1,-1,-1,1,-1,1,0,0,-1,-1,0,1,-1,-1,1,0,1,-1,
star-trek-beyond-2016_Matt Zoller Seitz,2.5,-1,1,1,-1,1,-1,-1,1,-1,-1,-1,-1,-1,-1,-1,-1,-1,1,1,-1,-1,-1,1,-1,-1,-1,-1,0,-2,-2,-1,0,-1,-1,-1,-1,-1,-1,-1,-1,1,1,-1,0,1,-1,-1,1,-1,0,
star-wars-episode-vii---the-force-awakens-2015_Matt Zoller Seitz,3.5,-1,-1,2,1,-1,1,1,-1,-1,1,0,-1,-1,-1,-1,-1,-1,1,-1,-1,-1,-1,-1,-1,1,-1,2,-1,1,-1,-1,-1,1,-1,0,1,1,0,1,-1,-1,-1,-1,1,1,
stray-dogs-2014_Matt Zoller Seitz,3.5,-1,-1,-1,-1,1,-1,-1,-1,0,0,-1,-1,-1,-1,-1,-1,-1,-1,-1,-1,1,-2,-1,1,0,
sunset-song-2016_Matt Zoller Seitz,4.0,2,-1,-1,1,0,-1,1,-1,-1,-2,1,1,-1,-1,0,-1,-1,-1,1,-1,1,-1,-1,-1,1,-1,-1,-1,1,0,1,1,
swiss-army-man-2016_Matt Zoller Seitz,3.5,-1,-1,-1,-1,-1,-2,-1,-1,1,-1,-1,-1,-2,1,1,-1,0,1,1,-1,-1,-1,1,2,1,1,-1,-1,-2,-1,-1,-1,0,0,
table-19-2017_Matt Zoller Seitz,2.5,-1,-1,0,1,1,-1,0,0,1,0,1,-1,-1,1,-1,-1,-1,-1,-1,1,-1,-1,1,-1,-1,-1,-1,-1,1,-1,2,1,
tangerine-2015_Matt Zoller Seitz,3.0,1,-1,1,1,-1,0,2,-1,-1,-1,-1,-1,-1,1,-1,-1,0,-1,-1,1,1,-1,0,-1,1,1,-1,-1,-1,-1,-1,-1,-1,-1,-2,1,1,-1,2,-1,-1,
thank-you-for-your-service-2017_Matt Zoller Seitz,3.5,1,-1,1,0,-1,-1,0,1,-1,-1,1,-1,-1,-1,-1,-1,-1,-1,1,-1,-1,1,-1,-1,2,1,-1,-1,-2,-2,0,-1,-1,-1,-1,1,-2,
that-man-from-rio-1964_Matt Zoller Seitz,3.5,-1,-1,-1,-1,0,0,1,-2,-1,-1,-1,-1,-1,-1,-1,-1,1,-1,1,-1,1,2,1,1,-1,1,-1,-1,-1,-1,1,-1,1,0,
the-age-of-adaline-2015_Matt Zoller Seitz,3.0,-1,1,-1,-1,0,0,-1,1,-1,-1,1,-1,-1,2,-1,1,-1,-1,1,-1,0,-1,0,-1,-2,1,0,-1,1,2,-1,1,-1,-1,-1,-1,1,-1,1,1,-1,0,0,1,-1,1,-1,0,1,0,1,1,
the-b-side-elsa-dorfmans-portrait-photography-2017_Matt Zoller Seitz,3.0,1,2,-1,1,-1,1,1,-1,-1,-1,-1,-1,0,-1,-1,-1,1,1,1,1,1,-1,-1,-1,-1,-1,-1,1,1,-1,-1,1,-1,-1,-1,
the-bfg-2016_Matt Zoller Seitz,3.5,1,0,1,-1,-1,-1,-1,0,-1,-1,0,-1,0,1,1,1,1,-1,-1,1,-1,-1,-1,-1,-1,1,1,1,-1,1,1,1,-1,0,-1,0,-1,-1,-1,-1,0,-1,0,1,-1,-1,1,1,1,0,
the-birth-of-a-nation-2016_Matt Zoller Seitz,2.0,-1,-2,-1,-1,1,-1,0,-1,1,0,-1,0,0,1,-1,-1,-1,-1,-1,-1,-1,0,-1,-1,-1,1,1,0,-1,-1,0,-1,1,-1,-1,-1,-1,-1,1,1,0,2,-1,-1,-1,-1,-1,-1,
the-boss-2016_Matt Zoller Seitz,1.5,1,-1,-1,-1,-1,-1,-1,1,1,-1,-1,0,1,-1,-1,-2,-1,0,-1,0,-1,0,-1,1,1,0,-1,1,-1,-2,-1,-1,-2,0,-1,-1,1,0,-1,-1,
the-circle-2017_Matt Zoller Seitz,1.5,-1,-1,-1,-1,-1,-1,-1,-1,-1,-1,1,-1,-1,-1,-1,-1,-1,1,-1,-1,-1,-1,-1,1,-1,0,-1,1,-1,-1,-1,-1,1,1,-1,-1,-1,1,-1,-1,-1,
the-cold-lands-2014_Matt Zoller Seitz,3.5,1,1,0,1,-1,-1,-1,-1,-1,-2,-1,-1,-1,-1,0,0,1,-1,-1,-1,0,-1,0,-1,-1,-1,0,-1,-1,-1,1,-1,-1,1,1,1,-1,1,0,1,1,1,-1,1,0,1,2,
the-disappearance-of-eleanor-rigby-them-2014_Matt Zoller Seitz,3.0,1,-1,-1,-1,-1,1,0,0,1,-1,-1,-1,0,1,-1,1,2,-1,-1,-1,-1,-1,0,1,-1,-1,-1,1,1,-1,1,0,0,-1,0,-1,-1,0,-1,0,-1,-1,0,-1,-1,1,1,1,-1,-1,-1,1,-1,-1,-1,-1,0,-1,1,-1,-1,-1,
the-dog-2014_Matt Zoller Seitz,4.0,1,1,1,1,-1,1,-1,-1,2,1,2,-1,-1,-1,0,-1,-1,-1,-1,-1,1,1,1,0,0,0,0,-1,1,-1,0,0,0,1,1,1,1,-1,0,0,0,0,-1,1,-1,-1,1,-2,2,
the-end-of-the-tour-2015_Matt Zoller Seitz,3.0,1,0,2,1,-1,-1,1,-1,-1,1,0,-1,0,-1,1,1,1,-1,1,-1,-1,-1,0,-1,1,0,-1,-1,-1,-1,-1,1,-1,-1,2,1,0,1,-1,0,-1,-1,-1,0,0,-1,-1,1,-1,
the-founder-2017_Matt Zoller Seitz,3.0,-1,1,-1,1,-2,-1,-1,-1,-1,-1,-1,-1,1,-1,1,1,1,1,-1,-1,-1,0,-1,-1,-2,-1,-1,-1,0,-1,-1,1,-1,-1,-1,1,-1,-1,1,-1,-1,-1,
the-grand-seduction-2014_Matt Zoller Seitz,3.0,-1,0,1,0,-1,0,-1,-1,-1,1,1,-1,-1,1,0,1,-1,-1,-1,-1,-1,0,-1,-1,-1,1,-1,1,-2,-1,-1,-1,-1,1,-1,-1,0,0,1,0,-1,0,-1,0,1,1,-1,-1,1,-1,-1,0,-2,2,1,1,
the-handmaiden-2016a_Matt Zoller Seitz,4.0,1,1,-1,-1,1,-1,-1,1,1,-1,-1,0,-1,-1,1,-1,1,-2,-1,-1,-2,-1,0,-1,1,0,1,-1,-1,-1,1,1,-1,1,-1,1,-1,1,-1,1,0,
the-hateful-eight-2015_Matt Zoller Seitz,2.0,-1,-1,1,-2,-1,-1,-2,-1,-1,0,1,-1,-1,-1,-1,1,-2,1,0,-1,-1,-1,-1,-1,-1,-1,-1,0,-1,-1,0,-1,-1,-2,-1,-1,-1,0,-1,-1,0,1,-1,-1,-1,1,-2,-1,-1,-1,1,1,-1,0,-1,-1,-2,-1,-1,
the-hollars-2016_Matt Zoller Seitz,2.5,1,-1,1,-2,1,-1,-1,-1,-1,-1,-1,-1,-1,-2,-1,1,0,-1,0,-1,-1,-1,-1,-1,-1,-1,-1,0,-1,0,-1,-1,-1,-1,-1,1,-1,2,0,1,
the-hunger-games-mockingjay---part-1-2014_Matt Zoller Seitz,2.5,1,-1,-1,-1,-1,2,-1,-1,-1,-1,-1,-1,-1,-1,1,-1,-1,-1,-1,2,-1,-1,2,-1,-1,1,2,0,
the-jungle-book-2016_Matt Zoller Seitz,4.0,1,0,-2,-1,-1,1,-1,-1,1,-1,-1,-1,-1,-1,-1,-1,-1,-1,-1,-1,-1,1,1,1,-1,1,0,-1,1,1,-1,-1,1,1,1,1,
the-last-of-robin-hood-2014_Matt Zoller Seitz,0.5,1,1,-1,-1,-1,1,-1,-1,-1,-2,1,-1,-1,0,0,-2,-1,-1,-1,-1,-1,1,-1,-1,-2,-1,-1,-1,-1,0,
the-layover-2017_Matt Zoller Seitz,1.5,1,-1,-1,-2,-1,0,1,-1,1,1,-1,-1,-1,-1,-1,-1,1,1,-1,-1,1,-1,-1,-1,1,1,-1,-1,1,1,-1,-1,-1,
the-lost-city-of-z-2017_Matt Zoller Seitz,3.5,-1,-1,1,-1,0,-1,-1,-1,1,1,1,-1,1,-1,1,1,-1,-1,-1,-1,1,1,-1,-1,1,-1,-1,1,-1,1,1,-1,0,0,-1,-1,2,1,1,-1,
the-lovers-and-the-despot-2016_Matt Zoller Seitz,2.0,-2,-1,-1,-1,-1,-1,1,-1,-1,-1,-1,-1,-1,-1,-1,-1,-1,-1,-1,-1,-1,-1,-1,0,
the-martian-2015_Matt Zoller Seitz,3.5,1,-1,-1,1,-1,-1,-1,0,1,0,-1,-2,-1,-1,-1,-1,1,1,-1,-1,1,1,-1,0,-1,1,-1,-1,-1,1,-1,-1,0,0,-1,-1,-1,1,0,1,1,1,-1,1,-1,-1,-1,-1,-1,-1,0,
the-meddler-2016_Matt Zoller Seitz,4.0,1,-1,-1,-1,-1,-1,-1,1,1,0,-1,1,0,-1,1,-1,-1,-1,1,-1,-1,-1,1,0,1,-1,1,-1,1,1,1,
the-monuments-men-2014_Matt Zoller Seitz,2.5,1,-1,-1,-1,1,1,1,0,1,-1,-1,1,-1,-1,-1,-1,1,2,-1,-1,-1,-1,1,1,1,-1,-1,-1,
the-november-man-2014_Matt Zoller Seitz,2.0,-1,-1,-1,0,-1,1,-1,-1,-1,-1,-1,-1,-1,-1,-1,1,1,-1,0,-1,-1,-1,-1,1,-1,0,-1,-1,-1,-1,-1,-1,-1,-1,-1,-1,-1,-1,-1,-1,-1,
the-rehearsal-2017_Matt Zoller Seitz,2.5,-1,0,1,-1,0,-1,1,-1,0,-1,0,-1,-1,-1,1,-1,1,-1,-1,-1,-1,1,-1,1,1,-1,1,1,-1,
the-selfish-giant-2013_Matt Zoller Seitz,3.5,-1,-1,-1,0,-1,-1,-1,1,-1,-1,-1,1,-1,-1,-1,0,1,-1,0,1,1,-1,-1,-1,-1,-1,-1,-1,-1,-1,-1,-1,-1,-1,-1,-1,-1,-1,-1,-1,-1,-1,
the-shallows-2016_Matt Zoller Seitz,3.0,0,-1,0,-1,1,1,-1,-1,-1,-1,-1,-1,-1,2,-1,-1,1,-1,1,0,-1,1,1,-1,-1,-1,-1,-1,-1,-1,
the-walk-2015_Matt Zoller Seitz,2.5,1,-1,1,-1,0,-1,-1,1,-1,1,1,0,-1,1,-1,-1,-1,0,-1,0,-1,-1,-1,-1,1,1,1,-1,-1,-1,1,-1,-1,-1,-1,-1,-1,1,-1,-1,-1,1,-2,-1,1,0,
the-water-diviner-2015_Matt Zoller Seitz,2.0,-1,1,2,-1,-1,-1,-1,-1,-1,-1,-1,-1,-1,-1,-1,-1,-1,-1,-1,-1,-1,-1,-1,-1,
the-witness-2016_Matt Zoller Seitz,3.5,1,-1,-1,-1,-1,-2,-1,-1,0,1,-1,0,-1,-1,1,1,-1,-1,-2,-1,-1,-1,-1,-1,0,-1,-1,-1,-1,-1,-1,-1,1,-1,1,-1,1,
the-wolf-of-wall-street-2013_Matt Zoller Seitz,3.5,1,-1,-1,-1,1,0,1,-1,-1,-1,-1,-1,1,-1,-1,-1,-1,-1,-1,-1,0,-1,1,-1,-1,1,-1,-1,-1,-1,-1,-1,-2,-2,-1,-2,-1,-1,-1,1,-1,-1,-1,-1,-1,1,-1,-2,1,-1,-1,0,-1,-1,-1,0,-1,0,0,-1,-1,-1,
the-wonders-2015_Matt Zoller Seitz,3.0,0,-1,1,-1,-1,-1,0,0,-1,-1,-1,1,-1,1,1,1,-1,-1,-1,1,1,2,1,-1,-1,-1,-1,-1,-1,-1,2,0,-1,
the-world-made-straight-2015_Matt Zoller Seitz,2.5,-1,0,-1,-1,1,-1,-1,-1,-1,-1,-1,1,-1,1,-1,-1,1,-1,-1,0,0,-1,-1,1,
the-zero-theorem-2014_Matt Zoller Seitz,2.5,-1,-1,-1,-1,-1,-1,-1,0,1,-1,-1,1,1,-1,-1,-1,-1,-1,-1,-1,-2,1,-1,-1,-1,-1,-1,0,1,1,0,1,-1,-1,
thor-ragnarok-2017_Matt Zoller Seitz,3.0,0,-1,-1,-1,-1,-1,-1,-2,-1,-1,-1,-1,-1,-1,1,-1,-1,1,-1,-1,-1,-1,-1,-1,-1,1,-1,1,1,0,-1,-1,-1,-1,-2,-1,-1,0,-1,-1,1,-2,1,-1,-1,2,0,
time-out-of-mind-2015_Matt Zoller Seitz,3.5,-1,1,1,1,-1,0,-1,-1,-1,1,-1,-1,1,0,-1,-1,-1,0,-1,-1,1,-1,0,0,-1,1,1,1,1,0,1,-1,1,0,0,-1,1,1,-1,2,1,0,-1,1,-1,0,0,
tomorrowland-2015_Matt Zoller Seitz,3.0,-1,2,2,1,1,1,1,-1,-1,-1,1,1,0,-1,-1,0,0,-1,-1,-2,-1,-2,-1,1,-1,-1,0,-1,-1,-1,1,
tower-2016_Matt Zoller Seitz,3.5,0,-1,1,0,-1,1,-1,-1,-1,-1,-1,-1,1,1,-1,0,-1,1,-1,1,-1,-1,-1,-1,1,0,-1,-1,-1,
transcendence-2014_Matt Zoller Seitz,2.5,-1,-1,-1,1,2,-1,-2,1,0,-1,-1,-1,1,-1,-1,0,-1,1,-1,-1,-2,0,-1,0,0,-1,0,-1,0,1,-1,-1,1,-1,-1,-1,0,-1,-1,-1,0,-1,-1,-1,-1,1,-1,-1,-1,0,-1,-1,-1,-1,-1,-1,-1,1,
trophy-2017_Matt Zoller Seitz,4.0,-1,0,1,1,-1,-1,-1,1,-1,-1,-1,-1,1,-1,-1,-1,-1,-1,-1,-1,-1,-1,-1,-1,-1,-1,-1,1,-1,1,-1,-1,-1,1,0,-1,-1,-1,0,-1,-1,1,-1,-1,-1,-1,1,1,2,
under-the-skin-2014_Matt Zoller Seitz,4.0,1,-1,-1,0,-1,0,-1,0,-1,0,-1,1,1,-1,0,-1,1,0,0,0,0,0,0,0,0,0,-1,-1,0,-1,1,0,1,1,-1,-1,-1,0,0,0,-1,-1,1,1,1,1,1,0,1,-1,-1,1,1,-1,1,-1,-1,-1,0,-1,-1,-1,1,1,1,-1,0,1,1,0,0,1,0,1,0,-1,-1,1,1,-1,
venus-in-fur-2014_Matt Zoller Seitz,2.0,-1,-1,0,-2,-1,1,-1,-2,1,-1,0,1,1,-1,1,-1,1,1,0,0,0,0,1,-1,-1,2,-1,-1,-1,-1,1,0,-1,1,1,-1,1,-1,-1,
veronica-mars-2014_Matt Zoller Seitz,3.5,1,0,0,-1,-1,-1,-1,0,-1,-1,-1,-1,-2,0,-1,1,1,-1,-2,-1,1,-1,-1,-1,-1,-1,-1,0,1,0,2,-1,-1,0,-1,1,-1,-1,-1,1,
walking-out-2017_Matt Zoller Seitz,3.0,0,1,1,0,-1,-1,0,-1,-1,1,0,-1,-1,-1,1,-2,-1,-1,-1,-1,1,2,-1,-1,
war-dogs-2016_Matt Zoller Seitz,2.0,-1,0,0,-1,0,-1,-1,-1,-1,-1,0,-1,1,0,-1,-1,-1,1,-1,-1,1,1,2,-1,-1,-1,-1,0,-1,-1,-1,-1,-1,-1,-1,1,1,-1,1,-1,0,
white-god-2015_Matt Zoller Seitz,3.5,-1,-1,-1,1,1,-1,-1,-1,1,-1,-1,1,1,-1,-1,-1,-1,-1,1,-1,1,1,1,-1,1,-1,-1,-1,-1,-1,-1,-1,1,-1,1,-1,-1,2,-1,-1,
whose-streets-2017_Matt Zoller Seitz,3.5,0,-1,-1,-1,-1,-1,-1,-1,-1,-1,-1,-1,-1,-1,-1,-1,-1,0,-1,-1,0,-1,-1,-1,-2,-1,1,0,0,-1,-1,-2,-1,1,-1,0,-1,1,1,
wish-upon-2017_Matt Zoller Seitz,1.0,-1,1,-1,-1,0,-1,-1,0,-1,1,-1,1,-1,1,0,0,-1,-1,1,-1,1,-1,-1,-1,-1,-1,-1,-1,-1,-1,1,-1,-1,
z-for-zachariah-2015_Matt Zoller Seitz,2.5,-1,-1,-2,-1,1,-1,-1,1,-1,2,-1,-1,-1,-1,-1,-1,2,1,1,-1,1,1,-1,-2,1,1,-1,-1,-1,2,-1,-1,-1,-1,-1,
zootopia-2016_Matt Zoller Seitz,3.0,-1,2,-1,-1,-1,-1,-1,2,-1,1,-1,-1,-1,-1,-1,-1,-1,-1,-1,-1,-1,1,-1,-1,-1,1,1,-1,1,0,-1,-1,
