10_batman-arkham-knight-review-xbox-one-PC-PS4.txt,0,-1,-1,1,-1,-1,-1,-1,1,-1,-1,-1,1,1,-1,-1,-1,1,-1,0,1,-1,1,-1,-1,1,-1,-1,-1,0,-1,1,-1,-1,0,0,1,-1,1,-1,-1,-1,1,1,1,-1,0,
10_the-legend-of-zelda-breath-of-the-wild-review-nintendo-switch-wii-u.txt,1,-1,-1,2,-1,-2,-1,1,-1,0,-1,-1,0,-1,0,1,1,-1,1,-1,1,1,2,1,1,1,-1,-1,-1,-1,-1,-1,1,-1,-1,1,-1,0,-1,0,-1,-1,-1,-1,-2,-1,0,-1,-1,0,-1,-1,1,-1,0,-1,1,1,-1,1,-1,2,-1,-1,1,-1,1,-1,-1,-1,2,-1,1,-1,-1,-1,1,1,-1,-1,-1,1,1,2,1,
2_escape-dead-island-review.txt,-1,-1,-1,-1,-1,-1,-1,-1,-1,-1,0,-2,-1,1,0,0,-1,-1,-1,-1,0,-2,-1,0,-1,-1,0,-1,-1,-1,0,-1,-1,0,-2,-1,-2,0,-1,-1,-1,-1,0,
2_ghostbusters-2016-video-game-review-xbox-one-ps4-pc.txt,-1,-1,-1,-1,1,-1,-1,-1,-1,-1,-1,-1,-1,-1,-1,-1,-1,1,0,0,1,-1,1,1,-1,-1,0,1,-1,1,-1,-1,-1,1,0,-1,-1,0,-1,0,1,0,-1,-1,0,
3_shadow-of-the-beast-review-PS4.txt,0,-1,-1,0,-1,-1,-1,1,-1,0,1,-1,-1,-1,-1,-1,-2,-1,-1,-1,1,-2,0,-1,-1,-1,-1,-1,-1,1,-1,0,-1,-1,0,0,-1,-1,-1,-1,1,-1,-1,-1,-2,0,
3_teenage-mutant-ninja-turtles-mutants-in-manhattan-review.txt,-1,0,0,0,0,-1,-1,0,0,0,0,-1,-1,-1,-1,-1,-1,-1,1,-1,-2,1,-1,0,-1,-1,-1,-1,-1,0,-1,-1,1,-1,-1,-2,-1,-1,-1,1,-1,-1,-1,-1,0,0,-1,0,0,0,1,-1,-1,-2,-1,-1,0,0,0,-1,-2,-1,0,-2,0,0,-1,0,0,
3_umbrella-corps-review-ps4-PC.txt,-1,1,-1,0,1,-1,1,1,-1,-1,-1,-1,-1,0,-1,-1,-1,-1,-1,1,-1,-1,-1,-1,-1,0,-1,-1,-1,-1,1,-1,-1,-1,-1,0,
4-5_nba-playgrounds-review.txt,-1,-1,-1,-1,-1,-1,0,-1,-1,-1,-1,-1,-1,-1,-1,-1,-1,-2,-1,-1,-1,-1,1,-1,-1,-2,0,-1,1,-1,1,-1,-1,1,-1,-1,0,-1,-1,-1,-1,-1,-1,-1,-1,-1,-2,-1,-1,-1,-2,-1,-1,0,0,-2,-1,1,-1,-1,
4-5_the-crew-review-xbox-one-ps4-PC.txt,1,-1,-1,-1,-1,-1,-1,-1,1,1,-1,0,1,-1,-1,1,-1,1,-1,1,-1,-1,1,-1,-1,-1,0,-1,1,-1,1,-1,-1,-1,-1,-1,-1,-2,1,-1,-1,-1,-1,1,-1,1,-1,-1,-1,-1,-1,-1,-1,-1,-1,0,-1,-1,-1,-1,-1,0,-1,-1,-1,-1,-1,-1,-1,-1,-1,-1,-1,0,0,-1,1,-1,-1,-1,-1,-1,-1,-1,-1,-1,0,-1,-1,-1,1,0,-1,-1,-1,-1,-1,-1,-1,0,
4-5_valkyria-revolution-review.txt,-1,0,1,1,-1,0,-1,-1,1,-1,-1,-1,-1,-1,-1,-1,-1,-1,-1,-1,-1,0,-1,1,1,-1,-1,-1,1,-1,-1,2,-1,-1,-1,1,0,-1,-1,-1,-1,-1,-2,-2,-1,-1,-1,-1,1,1,-1,0,-1,-1,-1,-1,0,-1,-1,-1,0,-1,-1,-1,-1,-1,-1,-1,-1,-1,-1,
4_friday-the-13th-the-game-review-jason.txt,-1,1,-1,-1,-1,-1,-1,0,0,-1,-1,-1,-1,-1,-1,-1,-1,-1,-1,0,-1,-1,-1,-1,-1,-1,-1,-1,-1,-1,-1,-1,-1,-1,0,-2,-1,-1,-1,1,-1,-1,0,-1,-1,-1,-1,-1,-1,-1,-1,-1,-1,-1,-1,-1,0,-2,0,-1,-1,1,2,-1,-1,-1,1,-2,0,-1,
5-5_agents-of-mayhem-review-pc-windows-ps4-xbox-one-playstation-4-volition-saints-row.txt,1,-1,1,-1,-1,-1,1,1,-1,-1,1,1,-1,1,-1,-1,1,-1,-1,-1,1,-1,1,0,-1,-2,-1,-1,-1,-1,-1,-1,-1,-1,0,-1,-1,-1,-1,-1,0,0,1,-1,-1,-1,-1,-1,-1,-1,-2,-1,-1,1,-1,1,
5-5_ever-oasis-review-nintendo-3ds.txt,-1,1,1,-1,-1,1,-1,1,-1,-1,1,-1,1,1,-1,-1,-1,1,-1,-1,1,-1,-1,-2,-1,-1,2,-2,-1,-1,-1,-1,-1,-1,-1,-1,-1,-1,-1,1,-1,
5-5_fantasy-life-review-nintendo-3ds.txt,-2,1,-1,1,-1,1,-1,1,-1,2,1,1,-1,1,1,-1,1,1,-1,2,-1,-1,-1,1,-1,-1,-2,-1,-1,-1,-1,-1,-1,-1,1,-1,-1,-1,-1,0,-1,0,
5-5_lego-marvels-avengers-review.txt,1,2,1,1,-1,-1,-1,0,0,-1,-1,1,0,1,0,-1,-2,-1,-1,-1,-1,-2,1,-1,-1,-1,-1,1,-1,-1,-1,1,1,-1,0,
5-5_mad-max-review-ps4-playstion-4-xbox-one-pc-windows.txt,0,1,1,0,-1,-1,1,0,-1,-1,0,-1,1,-1,-1,1,-1,1,1,0,-1,-1,-1,-1,-1,-1,-1,-1,-1,-1,-1,1,-1,-1,0,-1,-1,-1,1,-1,-1,-1,-1,-1,-1,-1,-1,-1,-1,1,1,-1,-1,2,-1,-1,-1,-1,-1,0,-1,1,-1,-1,-1,-1,-2,-1,
5-5_necropolis-review-pc-ps4-playstation-4-xbox-one.txt,1,0,-1,-1,1,-1,-1,-1,-1,-1,-1,1,-1,-1,-1,0,0,-1,-1,-1,-1,0,0,-2,1,1,-1,-1,1,0,0,1,-1,-1,-1,-1,-1,-1,-1,-1,0,1,-1,1,-1,-1,-1,-1,-1,-1,-1,-1,1,-1,-1,0,0,-1,-1,0,1,-1,-1,-1,0,1,1,-1,1,-1,-1,-1,-1,-1,-1,-1,0,
5-5_slayer-shock-review.txt,-1,0,0,-1,-1,-1,-1,-1,1,1,-1,1,-1,-1,-1,-1,-1,-1,-1,-2,0,-1,-1,-1,0,1,-1,-1,-2,-1,-1,-1,1,-1,-1,-1,-1,-1,-1,-1,-1,-1,-1,-1,-1,-1,-1,1,1,0,-1,-1,-1,-1,
5-5_the-long-journey-home-review-pc-daedalic-entertainment.txt,1,-1,1,-1,-1,-1,0,-1,-1,0,-1,-1,-1,0,-1,-1,-1,-1,-1,-1,-1,-1,-1,-1,0,-1,-1,1,-1,-1,-1,-2,-1,-1,-1,-1,-1,-1,-1,-1,-1,0,1,-1,-1,0,-1,-1,-1,-1,-1,1,0,
5-5_the-order-1886-review-PS4-playstation-4-exclusive.txt,1,1,-1,-1,0,-1,-1,1,-1,-1,-1,-1,-1,-1,-1,1,-1,-2,-1,0,-1,-1,1,-1,-1,-1,-1,1,-1,-1,-1,-1,-1,1,1,-1,-1,0,
5-5_wwe-2k15-review-xbox-one-ps4.txt,0,0,0,0,-1,0,1,-1,1,-1,-1,-1,1,-1,1,1,1,1,-1,-1,-1,-1,-1,-1,-1,-1,1,-1,1,1,1,-2,-1,-1,-1,0,-1,1,0,-1,-1,0,-1,-1,-1,-1,-1,-1,1,-1,-2,-1,-1,0,
5-5_yooka-laylee-review-xbox-one-pc-playstation-4.txt,0,1,0,1,-1,0,-2,-1,1,-1,-1,-1,0,-1,1,-1,-1,-1,-1,-1,-1,-1,0,0,1,-1,-1,1,-1,1,-1,1,-1,-1,-1,-1,-1,-1,
5_aven-colony-review.txt,0,-1,1,-1,1,1,-1,1,-1,-1,0,-1,-1,-1,0,-1,0,-1,-1,-1,-1,-1,-1,-1,0,-1,-1,-1,-1,-1,-1,-1,1,-1,-1,-2,-1,0,1,-1,-1,-1,-1,-1,-1,-1,1,-1,-1,-1,-1,-1,
5_destiny-the-dark-below-review-no-light-above.txt,-1,-1,-1,-1,-1,-1,-1,1,-1,1,-1,-1,-1,-1,-1,-1,0,1,-1,-1,-1,1,-1,-1,-1,-2,-1,1,1,1,1,-1,-1,-1,-1,1,-1,-1,-1,0,-1,-2,-1,0,
5_drawn-to-death-review.txt,-1,-1,1,0,-1,-1,-1,-1,-1,-1,0,1,-1,-1,-1,-1,-1,-1,-1,1,-1,-1,-1,-1,-1,-1,1,-1,-1,-1,-1,-1,-1,-1,-1,-1,0,-1,-1,-1,-1,-1,0,-1,-1,-1,-1,-1,-1,1,0,-1,2,1,-1,-1,-1,-1,-1,
5_h1z1-review.txt,0,-1,-1,-1,1,-1,-1,-1,-1,-1,-1,-1,1,0,-1,-1,0,0,-1,0,0,-2,-1,1,-1,-1,-1,-1,1,-1,-1,0,-1,1,-1,-1,-1,-1,-1,-1,-1,-1,0,-1,1,-1,1,-1,1,-1,-1,-1,0,-1,-1,-1,-1,-1,-1,1,-1,-1,-1,-1,-1,-1,-1,-1,-1,1,1,-1,-1,1,-1,0,0,-1,-1,-1,-1,-1,1,-1,-1,-1,-1,0,-1,-1,-1,1,-1,-1,2,-1,1,-1,-1,-1,1,-2,-1,-1,-2,1,1,-1,1,1,0,-1,1,1,-2,-1,-1,0,1,-1,0,1,-1,1,-1,1,0,1,0,-1,-1,-1,-1,-1,0,1,
5_kings-quest-chapter-2-review-xbox-one-ps4-pc.txt,1,-1,-1,1,-1,-1,-1,1,1,0,1,-1,-1,-1,1,-1,-1,-1,-1,-1,-1,-1,-1,-1,-1,-1,0,-1,0,-1,1,-1,-1,-1,-1,-1,-1,-1,0,-1,-1,-1,-1,-1,-1,-1,0,-1,0,
5_metroid-prime-federation-force-review.txt,-1,-1,-1,-1,1,1,1,0,-1,-1,-1,0,1,-1,1,1,1,0,-2,-1,-1,-1,-1,-1,-1,-1,-1,1,-1,0,-1,-1,-1,-1,-1,-1,-1,-1,1,-2,-1,-1,
5_mighty-no-9-review.txt,-1,0,-1,0,-1,0,1,2,-1,0,-1,0,-1,-1,1,-1,-1,1,-1,1,-1,-1,0,-1,-1,-1,-1,-1,1,-1,1,-1,0,-1,1,-1,-1,0,-2,-1,-2,-1,-1,-1,-1,-1,0,-1,-2,-1,0,-1,-1,-1,0,-1,1,0,-1,-1,1,-1,0,
5_rain-world-review-pc-windows-ps4-playstation-4.txt,-1,0,-1,-1,-2,-1,0,0,-1,-1,-1,-1,-1,1,1,-1,0,-1,-1,1,-1,-1,1,-1,-1,1,1,-1,-2,1,-1,1,0,-2,1,-1,0,0,1,-1,-1,-1,-1,-1,0,-1,0,0,-1,-1,-1,0,-1,-1,-1,-1,-1,0,-1,-1,-1,1,1,-2,-1,-1,0,-1,1,0,-1,-1,1,-1,
5_reservoir-dogs-bloody-days-review.txt,0,-1,-1,1,2,-1,-1,1,-1,-1,0,-2,0,0,-1,-1,-1,-1,-1,-1,-1,-1,-1,-1,-1,-1,-1,-1,0,0,1,0,-1,0,1,-1,-1,-1,-1,-1,-1,-2,-1,-1,-1,-1,0,-1,-1,-1,-1,-1,-1,
5_shadow-warrior-2-review-PS4-PC-Xbox-one.txt,-1,-1,-2,1,-1,1,-1,-1,1,-1,-1,-1,1,-1,1,-1,-1,-2,0,0,-1,-1,-1,1,-1,-1,1,-1,-1,-1,-1,1,-1,-1,-1,1,-1,-1,1,0,-1,0,-1,1,-1,-1,-1,-1,-1,-1,-1,-2,-1,1,1,-1,0,-1,0,1,-1,-1,0,-1,-1,0,-1,-1,-2,-1,0,-1,-1,-2,-1,0,
5_star-ocean-integrity-and-faithlessness-review-playstation-4-ps4-square-enix.txt,0,-1,-1,-1,-2,-1,1,0,-1,-1,-1,1,1,-1,-1,-1,-1,0,-1,-1,-1,0,-1,-1,-1,-1,-1,-1,-1,-2,-1,-1,-1,-1,0,0,-1,-2,-1,-1,-1,-1,-1,-1,0,
5_the-legend-of-korra-review-avatar-last-airbender.txt,-1,-1,-1,-1,0,-1,1,1,1,-1,-1,-1,1,-1,1,1,-1,-1,-1,-1,-1,-1,-1,-1,0,-1,0,-1,-2,-1,-1,-1,1,-1,-1,1,0,0,
6-5_adrift-review-adr1ft-pc-oculus-rift-vr.txt,-1,-1,-1,-1,1,-1,-1,-1,-1,-1,-1,-1,-1,-1,-1,-1,-1,-1,1,1,-1,-1,1,1,1,-1,-1,-1,1,1,-1,1,-1,-1,-1,-1,-1,-1,-1,-1,-1,-1,-1,-1,-1,1,-1,0,
6-5_assassins-creed-unity-review-xbox-one-PS4-PC.txt,0,-1,1,-1,0,-1,-1,-1,-1,0,-1,-1,-1,-1,-1,-1,-1,-1,1,-1,-1,1,1,-1,1,-1,-1,1,1,-1,-1,1,-1,-1,-1,1,-1,-1,-1,1,-1,1,-1,-1,-1,-1,-1,-1,-1,-1,1,-1,-1,-1,-1,-1,-1,-1,-1,-1,-1,1,-1,1,-1,-1,1,-1,0,-1,1,-1,
6-5_breached-review.txt,1,-1,2,-1,0,0,1,-1,-1,1,-1,-1,-1,0,-1,-1,0,1,0,-1,-1,1,-1,-1,-1,1,-1,1,-1,-1,-1,-1,-1,-1,-1,-1,-1,-1,-2,-1,-1,1,1,-1,-1,-1,1,1,0,-1,0,
6-5_dragon-quest-heroes-2-review-PS4.txt,-1,0,-1,-1,1,-1,-1,-1,1,0,-1,1,-1,1,-1,-1,0,-1,-1,0,1,-1,-1,-1,-1,0,1,-1,-1,-2,-1,0,-1,-1,-1,-1,-1,-1,1,1,-1,-1,-1,-1,-1,-1,1,-1,
6-5_dreamfall-chapters-book-2-rebels-review-pc-mac-linux.txt,1,1,1,1,-1,-1,0,1,-1,1,-1,-1,-1,-1,-1,-1,0,-1,-1,-1,1,0,-1,-1,0,-1,-1,-1,-1,-1,-1,0,1,1,1,-1,1,-1,-1,-1,-1,0,
6-5_dying-light-review-xbox-one-ps4-PC.txt,-1,1,-2,-1,-1,1,-1,-1,-1,-1,1,1,-1,1,-1,-1,-1,-1,-1,-1,-1,-1,1,-1,-1,-1,-1,1,-1,-1,1,-1,-1,-1,-2,-1,-1,-1,1,-1,-2,-1,-1,1,-1,1,0,-1,-1,1,-1,-1,-1,0,-1,-2,-1,0,-1,-1,-1,-1,0,-1,-1,-1,-1,-1,-1,-2,-2,-1,1,-1,-1,-1,-2,-2,1,-1,0,0,
6-5_fire-emblem-echoes-shadows-of-valentia-review.txt,-1,-1,-1,-1,-1,-1,-1,-1,-1,-1,-1,-1,2,1,-1,-1,-1,1,-1,0,-1,-1,-1,-1,0,-1,-1,-1,-1,-1,1,-1,-1,-1,-1,-2,-1,-1,-1,-1,-1,-1,-1,-1,-1,-1,-1,-1,-1,-1,-1,-1,-1,-1,-1,-1,-1,1,-1,-1,-1,1,-1,-1,-1,0,
6-5_game-of-thrones-telltale-episode-1-review-xbox-one-ps4-PC.txt,-1,1,0,1,-1,-1,-1,-1,1,-1,-1,-1,-1,-1,0,1,-1,-1,-1,-1,-1,-1,-1,-1,-1,-1,-2,-2,-1,1,-1,-1,-1,-1,-1,-1,-1,1,0,
6-5_kathy-rain-review.txt,1,-1,-1,1,1,-1,-1,-1,-1,1,1,2,-1,1,-2,-1,-1,1,1,1,1,-1,-1,-1,-1,1,-1,-1,-1,-1,-1,1,-1,-1,1,-1,-1,-1,-1,1,
6-5_kings-quest-review-chapter-1-xbox-one-ps4-pc.txt,1,-1,-1,1,-1,1,1,0,1,-1,0,0,-1,1,1,-1,0,-1,-1,-1,-1,-1,-1,-1,-1,0,0,-1,-1,0,-1,-1,-1,-1,2,1,2,0,-1,0,-1,-1,-1,-1,-1,1,0,-1,1,-1,-1,1,0,
6-5_lawbreakers-review.txt,-1,-1,-1,-1,1,1,-1,-1,0,0,-1,1,-1,-1,0,0,1,-1,-1,-1,1,1,-1,1,-1,-1,1,1,0,-1,-1,-1,0,-1,0,1,1,-1,1,1,-1,-1,0,-1,-1,-1,0,-1,-1,1,-1,0,-1,-1,1,1,0,-1,1,-1,-1,1,1,-1,-1,-1,-1,-1,-1,1,1,-1,
6-5_life-is-strange-episode-3-chaos-theory-review.txt,1,1,-1,-1,-1,-1,1,0,-1,-2,-1,-1,-1,0,-1,0,-1,0,-1,-1,-2,0,-1,1,-1,-1,-1,-1,-1,-2,1,-1,-1,0,-1,1,-1,1,-1,-1,0,1,-1,0,0,-1,1,-1,1,-1,-1,-1,-1,1,-1,1,-1,-1,-1,0,0,-1,-1,0,0,-1,1,1,-1,-1,-1,1,-2,1,0,
6-5_life-is-strange-episode-4-review-dark-room.txt,1,1,-1,-1,-1,-1,0,1,-1,0,1,-1,-1,-1,-1,-1,1,1,-1,2,-1,-1,1,1,1,1,-1,-1,1,0,1,-1,0,-1,1,-1,-1,-1,-1,-2,1,-1,-1,0,-1,-1,-1,-1,-1,-1,0,1,-1,-1,-1,-1,-1,-1,-1,1,-1,0,0,0,1,-1,0,1,-2,-1,-1,1,-1,-1,-1,-1,-1,1,1,-1,-1,-1,0,-1,0,-1,1,2,-1,1,-1,-1,-1,1,-1,0,1,-1,0,2,-1,-1,1,1,-1,-1,0,
6-5_life-is-strange-episode-5-review-polarized.txt,0,1,-1,-1,-1,-1,0,-1,1,0,-1,-1,-1,-1,0,-1,0,-1,-1,-1,-1,0,-1,-1,-1,-1,1,-1,-1,0,-1,-1,-1,-1,-1,1,-1,-1,0,1,-1,0,-1,-1,-1,-1,1,-1,-1,-1,-1,0,-1,-1,-1,-1,-1,-2,-1,-1,-1,-1,-1,-1,-1,-1,-1,0,0,-1,1,-1,-1,-1,-1,-1,-1,0,-1,0,-1,-2,0,1,-1,1,-1,-1,-1,-1,-1,-1,-1,1,1,-1,-1,-1,-1,-1,1,1,0,-1,1,-1,1,-1,1,1,1,-1,0,-1,-1,0,0,-1,-1,-1,1,-1,1,-1,-1,-1,-1,-1,1,-1,1,-1,-1,-1,-1,0,-1,-1,0,1,-1,-1,-1,-1,1,0,
6-5_mario-and-luigi-paper-jam-review-3ds.txt,1,1,-1,-1,2,-1,1,-1,-1,1,0,-1,-1,0,-1,-1,1,-1,-1,-1,-1,-1,-1,-1,-1,-1,-1,1,-1,-1,-1,-1,0,-1,-1,-1,1,-1,-1,-1,-1,-1,1,-1,-1,0,
6-5_mario-party-10-review-wii-u.txt,1,1,1,-1,-1,-1,-1,1,-1,-1,1,-1,-1,0,0,1,-1,0,-1,1,-1,-1,1,-2,2,0,-1,-1,-1,-1,-1,-1,1,-1,-1,-1,1,-1,1,-1,-1,-1,-1,-1,1,1,-1,-1,1,1,1,-1,0,0,
6-5_nhl-18-review-ea-sports-electronic-arts.txt,-1,1,0,1,1,-1,1,-1,-1,1,-1,-1,-1,-1,-1,-1,-1,-1,-1,1,-1,-1,-1,0,1,-1,-1,-1,-1,-1,1,-1,-1,-1,1,0,-1,-1,-1,0,-2,0,-2,-1,0,1,1,-1,0,-1,-2,-1,-1,-1,-1,-1,-1,1,
6-5_not-a-hero-review-pc-ps4-playstation-4-vita-windows-steam.txt,-1,1,-1,1,-1,-1,-1,-1,-1,-1,-1,-1,-1,-1,1,0,0,-1,-1,-1,1,-1,-1,-1,1,-1,-1,-1,-1,-1,-1,-1,-1,-1,-1,-1,-1,0,
6-5_paper-mario-color-splash-review-wii-u.txt,-1,-1,-1,-1,-1,2,1,1,-1,-1,-1,-2,1,-1,-1,-1,-1,-1,-1,1,1,-1,0,-1,-1,-1,1,-1,-1,-1,-1,-1,-1,-1,-1,-1,-1,-1,-1,-1,-1,1,-1,-1,1,-1,-1,-1,0,-1,-1,-1,-1,-1,0,-1,0,-1,-1,-1,-1,-1,-1,-1,-1,-1,-1,-1,0,0,2,2,1,-2,-1,1,-1,-1,0,
6-5_perception-review.txt,0,1,-1,-1,0,-1,-1,-1,-1,1,1,-1,1,-1,0,1,-2,-1,-1,-1,-1,-1,-1,-1,-1,-1,-1,1,-1,1,-1,-1,-1,1,-1,
6-5_recore-review-xbox-one-windows-10-PC.txt,1,-1,-1,1,1,1,-1,-1,-1,-1,-1,-1,-1,1,-1,-1,1,1,-1,-1,0,1,-1,-1,0,-1,1,1,0,-1,-1,-2,-1,-1,-1,-1,-1,-1,-1,2,-1,-1,-1,-1,-1,-1,-1,-1,-2,-1,-1,-1,1,-1,-1,-1,-1,-2,1,1,-1,
6-5_return-to-popolocrois-a-story-of-seasons-fairytale-review.txt,-1,0,-1,-1,-1,-1,0,-1,-1,2,-1,-1,-1,-1,-1,-1,-1,-1,0,0,-1,1,0,1,-1,-1,0,-1,-1,-1,-1,-1,-1,-2,-1,-1,-1,-1,-1,-1,-1,-1,1,-1,0,-1,-1,
6-5_rime-review.txt,-1,0,0,-1,-1,-1,1,2,-1,-1,1,1,1,0,0,-1,0,-1,1,-1,-1,-1,1,-1,-1,0,-1,-1,1,0,0,-1,-1,1,-1,-1,-1,-1,1,0,
6-5_sid-meiers-starships-review-PC-iOS.txt,2,-1,-1,2,-1,1,1,-1,-1,-1,-1,1,-1,-1,-1,-1,1,-1,-1,1,1,-1,-1,1,-1,-1,1,-1,-1,0,-1,1,-1,-1,-1,-1,-1,-1,-1,-1,-1,-1,-2,0,
6-5_sniper-elite-4-review-pc-ps4-xbox-one-rebellion.txt,-1,-1,-1,1,-1,1,-1,-1,-1,-1,0,-1,-1,0,-1,-1,-1,1,-1,-1,-1,-1,-1,1,-1,1,-1,-1,-1,-1,-1,0,0,0,0,-1,-1,-2,-1,-1,-1,-1,-1,-1,0,-1,-1,-1,-1,-1,-1,-1,-1,-1,-1,1,-1,-1,-1,-1,-1,-1,0,
6-5_songbringer-review.txt,1,-1,1,-1,-1,1,1,-1,-1,-2,-1,1,-1,1,-1,-1,-1,-1,-1,-1,0,-1,-1,1,1,1,1,1,0,-1,-1,-1,-1,1,-1,-1,-1,1,1,-1,1,
6-5_street-fighter-5-review-PS4-PC.txt,0,-1,-1,-1,-1,-1,-1,-1,-1,-1,-1,0,-1,-1,-1,-1,1,1,-1,-1,-1,-1,-1,-1,1,-1,-2,-1,-1,1,1,-1,-1,1,1,1,1,-1,0,-1,-2,-1,-1,-1,-1,-1,1,-1,0,
6-5_the-fidelio-incident-review-pc.txt,-1,-1,0,-1,1,-1,-1,1,-1,1,-1,1,1,0,-1,-1,-1,1,1,1,-1,-1,-1,-1,-1,-1,-1,-1,1,1,-1,1,-1,
6-5_titan-souls-review-PC-PS4.txt,-2,-1,-1,0,1,-1,-1,-1,-1,-1,-2,-1,-1,-1,-1,-1,-1,-1,1,-1,-1,0,-1,-1,-1,-1,-1,-1,-1,-1,-1,0,-1,-1,-1,-1,1,1,1,-1,-1,-1,-1,2,-1,1,0,-1,1,0,
6-5_transformers-devastation-review.txt,-1,1,0,0,-2,1,-1,-1,1,-1,1,-1,-1,-1,-1,-1,1,1,-1,-1,1,-1,-1,-1,-1,-1,-1,-1,0,-1,-1,-1,1,-1,-1,-1,1,-1,0,
6-5_until-dawn-review-ps4-playstation-4-supermassive-games-horror.txt,0,-1,1,1,0,0,-2,-1,-2,1,-1,0,1,0,-1,1,-1,-1,0,-1,-2,1,-1,-1,-1,-2,-1,1,-1,-1,-1,-1,-1,0,-1,-1,-1,1,1,-1,1,-1,-1,-1,0,-1,-1,1,-1,1,-1,0,-1,-1,-1,-1,1,-1,0,1,1,-1,-1,-1,-1,-1,0,-1,-2,-1,2,1,0,
6_a-city-sleeps-review-pc-harmonix.txt,-1,-2,-1,-1,-1,-1,-1,1,-2,-1,1,-1,-1,-1,-1,-1,1,1,-1,-1,-1,-1,1,0,-1,-1,-1,-1,-1,1,-1,0,0,
6_alone-with-you-review.txt,-1,-1,-1,-1,0,-1,0,-1,0,-1,1,-1,-1,-1,-1,0,-1,-1,-1,1,-1,-1,-1,-1,-1,-1,-1,-1,-1,-1,-1,-1,-1,-1,1,1,0,-1,-1,-1,-1,-1,-1,-1,-1,-1,0,0,-1,-1,-1,-1,-1,1,-1,-1,-1,0,
6_animal-crossing-happy-home-designer-review-3ds.txt,1,0,-1,1,-1,-1,-1,1,-1,0,-1,1,-1,1,1,-1,-1,1,-1,-1,-1,-1,1,-1,-1,-1,-1,-1,0,0,1,1,1,1,-1,0,-1,1,-2,-1,0,
6_birthdays-the-beginning-review.txt,-1,0,1,-1,-1,-1,-1,1,-1,0,-1,-1,-1,-1,-1,-1,1,-1,-1,0,-1,-1,-2,-1,-1,-1,0,0,-1,1,-1,1,0,-1,-1,-1,-1,-1,0,-1,-1,-1,-1,0,-1,-1,-1,-1,-1,-1,-2,1,-1,-1,-1,-1,-1,-1,-1,-1,-1,-1,-1,-1,0,0,
6_code-name-s-t-e-a-m-review-off-the-rails.txt,-1,-2,-1,1,-1,-1,-1,-1,-2,-1,-1,0,-1,-1,-1,-1,-1,1,1,-1,0,-2,0,-1,-1,-1,-1,1,0,-2,1,-1,-1,-1,-1,-1,-1,-1,-1,-1,-1,-2,-1,-1,0,-1,0,0,-1,1,-1,-1,1,-1,
6_crash-bandicoot-n-sane-trilogy-review-ps4.txt,-1,-1,1,-1,1,1,-1,1,-1,0,-1,-1,-1,-1,0,1,-1,1,1,-1,1,-1,1,-1,-1,-1,-1,-1,0,-1,-1,0,-1,-1,-1,-1,-1,-1,1,-1,0,1,-1,0,-1,-1,-1,-1,
6_feist-review-pc-mac-linux.txt,2,2,-1,-2,-1,-1,-1,-1,-1,-1,-1,0,-1,2,-1,-1,-1,-1,-1,1,0,-1,-1,-1,-1,-1,-1,-1,-1,-1,-1,-1,1,-1,-1,-1,-1,-1,-1,-1,-1,-1,-1,-1,-1,-1,-1,-1,0,-1,-1,0,-1,-1,-1,-1,-1,1,-1,-1,-1,-1,-2,-1,2,1,-1,-1,0,
6_ghost-recon-wildlands-review-tom-clancy-clancys-ubisoft-ps4-playstation-4-xbox-one-pc-windows-steam.txt,-1,1,-1,1,1,1,-1,-1,-1,-1,1,2,1,-1,-1,0,1,-1,0,-1,-1,-1,-1,-1,-1,0,-1,1,-1,1,-1,1,-1,-1,-1,1,-1,-1,-1,-1,-1,1,1,-1,-1,-1,1,1,-1,-1,1,-1,-1,-1,-1,1,-1,-1,0,0,1,-1,-1,-1,0,
6_homefront-the-revolution-review-PC-PS4-Xbox-one.txt,-1,-1,-1,0,1,-1,-1,1,1,-1,-1,1,-1,-1,1,-1,-1,-1,1,-1,-1,1,1,0,-1,-2,1,-1,-2,-1,-1,-1,-1,1,-1,-1,-1,-1,-1,-1,1,0,-1,0,-1,1,1,0,
6_kholat-review.txt,-1,0,-1,-1,-1,-1,0,-1,-1,1,1,-2,-1,2,-1,1,0,2,1,-1,-1,1,-1,-1,-1,-1,-1,-1,1,-1,-1,-1,-1,-1,-1,-1,-1,1,-1,-1,0,
6_mafia-3-review-ps4-playstation-4-pc-xbox-one-2k-games-hangar-13.txt,-1,-1,-1,-1,0,-1,-1,-1,-1,1,1,1,-1,-1,-1,-1,-1,-1,-1,-2,1,-1,-1,-1,-1,-1,0,-1,-1,-1,1,2,1,0,-1,-1,1,-1,-1,-1,-1,-1,-1,-1,1,-1,1,-1,-1,-1,-1,-1,-1,-1,-1,-1,-1,-1,-1,-1,-1,-1,0,-1,-1,-1,1,-1,0,0,-1,-1,-1,-1,-1,-2,-1,1,-1,1,0,-1,-1,-1,-2,1,-1,-1,-1,1,-1,-1,-1,-1,-1,0,-1,0,-1,0,-1,0,
6_nba-2k15-review-xbox-one-ps4.txt,1,-2,-1,-1,1,1,-1,-1,-1,-1,-1,-1,0,1,1,-1,1,-1,-1,-1,-1,-2,-1,0,-1,-1,0,-1,-1,-1,-1,-1,-1,-1,-1,-1,1,-1,-1,-1,-1,-1,-1,-1,-1,-1,-1,-1,-1,1,-1,-1,-1,-1,0,-1,1,-1,-1,-1,1,1,1,-1,0,
6_nba-live-15-review-xbox-one-PS4.txt,-2,-1,-1,-1,-1,1,1,1,0,-2,-1,-1,-1,1,-1,-1,-1,-1,1,1,-1,-1,-2,0,1,-1,-1,-1,-1,-1,1,-1,-1,1,-1,0,-1,0,0,-1,1,-1,-1,-1,-1,-1,-1,-1,1,-1,-1,
6_no-mans-sky-review-ps4-playstation-4-pc-windows-hello-games-sony.txt,1,1,-1,0,0,1,-1,-1,-1,-1,-1,1,1,-1,-1,-1,-1,-1,-2,-1,0,-1,-1,-2,-1,-1,0,0,-1,-1,-1,-1,1,-1,0,-1,-2,-1,-1,0,-1,-1,-2,-1,-1,1,-2,-1,-2,-1,1,-2,1,1,-1,-1,-1,2,1,0,0,
6_rainbow-six-siege-review.txt,-1,-1,-1,-1,-1,-1,-1,-1,-1,-1,1,-1,-1,0,-2,-1,-1,1,-1,-1,-1,-1,0,-1,0,1,-1,-1,-1,-1,-1,-1,-1,-1,-1,-1,-1,-1,-1,-1,-1,-1,-1,-2,-1,-1,-1,0,1,-1,1,0,0,-1,-1,0,0,0,1,-1,-1,-1,1,-1,-1,-1,-1,-1,-1,-1,-1,-1,-1,-2,-1,-1,-1,-1,-1,1,-1,
6_rory-mcilroy-pga-tour-review-ps4-xbox-one.txt,-1,-1,1,-1,0,-1,-1,0,0,0,-1,-1,-1,-1,-1,1,-1,-1,-1,-1,-1,-1,-1,-1,1,1,-1,-1,-1,-1,0,0,-1,1,-1,1,-1,-1,-1,-1,-2,0,1,1,-1,-1,1,1,1,1,-1,1,
6_ruiner-review.txt,-1,-1,-1,-1,0,-2,0,0,-1,-1,-1,1,-1,-1,-1,1,1,-1,-1,-1,-1,-1,-1,-1,-1,-1,-1,-1,-1,-1,-1,-1,-1,1,-1,-1,-2,-1,-1,0,-1,1,
6_saints-row-gat-out-of-hell-playstation-4-ps4-xbox-one-pc-review.txt,1,-1,-2,-1,-1,-1,1,1,-1,-1,-1,-1,1,1,-1,-1,1,1,-1,0,-1,-1,0,0,-1,-2,1,-1,-1,0,-1,-1,0,
6_the-elder-scrolls-online-review.txt,-1,-1,0,1,1,1,-1,0,-1,-1,-1,-1,-1,-1,1,1,-1,-1,1,-1,-1,-1,1,-1,-1,-1,-1,-1,-1,-1,-1,-1,-1,-1,-1,0,-1,-1,-1,-1,-1,-1,-1,-1,-1,0,-1,1,1,1,-1,-2,1,1,-1,0,0,0,-1,-1,-1,-1,-1,-1,-1,-1,-1,-1,0,-1,-1,-1,1,0,0,-2,-1,-1,-1,-1,-1,1,-1,-1,-1,-1,-1,-1,-1,-1,-1,-1,-1,-1,-1,-1,0,-1,1,-1,-1,-1,-1,-2,-1,-1,-1,1,1,-1,0,0,-1,0,-1,1,0,1,1,-1,1,-1,
6_tumbleseed-review.txt,0,0,-1,-1,1,1,0,-1,-2,-1,-1,-1,-1,0,0,-1,-1,-1,2,-1,-2,-1,-1,-1,1,0,-1,-1,1,1,-1,-1,0,1,0,-1,-1,-1,1,-1,-1,-1,-1,1,-1,-1,-1,-1,-1,1,-1,
6_ultra-street-fighter-2-review.txt,1,1,-1,-1,-1,0,-1,1,-1,1,2,-1,0,-1,-1,-1,-1,-1,-2,-1,-1,-1,-1,-1,1,-1,-1,-1,-1,1,-1,1,-1,-1,-1,-1,-1,-1,-1,-1,1,-1,-1,-1,1,-1,-1,
6_unravel-review-xbox-one-ps4-PC.txt,-1,-1,-1,2,-1,-1,-1,-1,-1,-1,-2,1,1,-1,-1,1,1,1,-1,-1,-1,-1,-1,-1,-1,-1,-1,-2,-1,-1,-1,-1,-1,-1,0,-1,-1,-1,-1,-1,-1,-1,1,1,-1,-1,0,-2,1,1,0,
7-5_abzu-review-ps4-pc-playstation-4.txt,-1,-1,-1,-2,0,-1,-1,-1,-1,0,-1,1,1,1,-1,-1,-1,1,-1,1,-1,-1,-1,1,-1,-1,-1,-1,-1,0,-1,0,-1,-1,0,-1,-1,1,1,0,0,1,-1,-1,-1,0,
7-5_assassins-creed-chronicles-china-review-ps4-xbox-one-playstation-4-pc.txt,0,1,-1,0,-1,-1,-1,-1,1,-1,-1,1,-1,2,1,1,0,-1,0,1,-2,-1,-1,1,-1,-1,-2,-1,-1,-1,-1,-2,-1,-1,-2,1,1,0,
7-5_battleborn-review-gearbox-software-ps4-pc-xbox-one.txt,-1,1,1,-1,0,-1,-1,1,1,1,0,2,-1,-1,-1,-1,1,-1,0,-1,1,-1,-1,-1,-1,1,-1,-1,-1,-1,1,1,-1,1,-1,-1,-1,1,-1,-1,-1,1,-1,-1,-1,1,1,-1,-2,-1,-1,-1,1,-1,-1,0,-1,-1,-1,-1,-1,1,-1,-1,-1,-1,1,-1,-1,-1,1,-1,2,-1,-1,-1,1,-1,0,-1,1,1,1,-1,1,-1,-1,-1,0,1,1,-1,-1,-1,-1,0,0,1,-1,1,-1,2,1,1,-1,1,-1,-1,-1,-1,0,-1,1,1,-1,1,1,-1,1,0,
7-5_bound-review-ps4-playstation-4-plastic-studios.txt,-1,-1,1,0,1,0,1,1,-1,-1,1,1,1,-1,1,-2,-1,-1,-1,-1,0,1,-1,-1,-1,0,0,1,-1,-2,1,1,1,1,1,-1,1,-1,-1,-1,1,1,1,1,-1,1,-1,1,2,0,
7-5_chroma-squad-review-pc-steam.txt,-1,-1,-1,-1,-1,-1,-1,-1,-1,-1,1,-1,-1,-1,1,1,0,-1,1,1,1,-1,-1,1,1,-1,1,0,-1,-1,-1,-1,1,0,
7-5_conarium-review-h-p-lovecraft-at-the-mountains-of-madness-game.txt,-1,1,-2,-1,0,-1,-1,1,-1,-1,1,-1,-1,-1,1,-1,-1,1,-1,1,1,1,-1,-1,-1,-1,-1,-1,-1,-1,-1,-1,-1,-1,0,1,-1,-1,-1,
7-5_destiny-rise-of-iron-review.txt,-1,0,-1,0,0,-1,-1,-1,1,-1,1,-1,-1,-1,-1,-1,-1,-1,-1,-1,-1,-1,-1,-1,0,-1,-1,-1,-1,-1,-1,-1,-1,-1,0,0,-1,-1,-1,-1,-1,1,1,1,1,-1,1,-1,1,1,-1,-1,0,1,0,1,2,0,2,2,0,0,1,-1,-1,-1,1,0,
7-5_digimon-story-cyber-sleuth-review.txt,0,-1,1,-1,1,-1,1,-1,1,-1,-1,-1,-1,0,-1,1,-1,-1,-1,-1,1,-1,-1,-1,-1,-1,1,0,-1,1,-1,-1,-1,0,-1,-1,2,-1,1,1,-1,-2,-1,-2,1,-1,-1,1,1,1,-1,-1,1,-1,1,0,
7-5_driveclub-review-ps4-playstation-4.txt,1,1,2,2,-1,-1,0,-1,1,1,2,1,-1,1,-1,-1,-1,1,-1,-1,-1,1,-1,-1,-1,-1,1,1,-1,1,1,1,1,1,1,-1,-1,-2,1,-1,1,-1,-1,0,1,1,1,1,-1,0,0,-1,1,-1,-1,2,0,1,0,1,-1,-1,-1,-1,2,0,1,0,1,
7-5_edge-of-nowhere-review-insomniac-vr-oculus-rift-pc-windows.txt,0,-1,-1,0,-1,1,1,1,-1,0,-1,-1,0,-1,2,-1,0,0,-1,1,-1,-1,-1,1,-1,-1,-1,-1,-1,-1,-1,-1,1,-1,-1,-1,0,
7-5_farpoint-review-playstation-vr-psvr.txt,-1,-1,1,-1,-1,-1,-1,-1,-1,-1,-1,-1,-1,0,-1,-1,-1,-1,-1,-1,0,0,-1,1,-1,-1,-1,-1,1,-1,-1,-1,-1,1,1,1,-2,1,-1,-1,-1,-1,-1,-1,1,-1,-2,0,1,1,
7-5_fortnite-review-pc-ps4-xbox-one-epic-games.txt,-1,1,0,1,-1,1,-1,-1,1,0,-1,-1,-1,-1,1,0,0,-1,-1,1,-1,1,-1,-1,-2,-1,1,1,-1,-1,2,0,1,-1,1,0,-1,-2,-1,-1,0,-1,-1,-1,-1,-1,-1,-1,0,1,1,-1,-1,-1,1,1,-1,1,-1,1,-1,-1,-1,-1,-1,-1,0,1,-1,1,-1,-1,1,-1,-1,-1,1,-1,-1,1,1,1,-1,-1,-1,1,1,1,1,-1,
7-5_frog-fractions-2-review.txt,0,-1,-2,-1,-1,-1,-1,-1,0,-1,-1,1,-1,-1,-1,-1,-1,-1,0,-1,-1,-1,-1,1,1,-1,-1,-1,-1,-1,1,-1,-1,-1,-1,0,-1,-1,-1,-1,1,1,-1,0,
7-5_full-throttle-remastered-review.txt,-1,1,2,-1,-1,-1,1,1,-1,-1,1,-1,1,-1,1,1,-1,-1,1,-1,0,-1,-1,-1,1,-1,-1,-1,-1,-1,-1,-1,1,-1,-1,-1,-1,0,0,-1,-1,-1,-1,-1,
7-5_gravity-rush-2-review-ps4.txt,-1,0,-1,-1,-1,1,1,1,-1,1,1,-1,-1,-1,0,-1,-1,-1,0,-1,-1,1,-1,-1,1,1,1,1,1,-1,1,1,-1,-1,-2,-1,-1,-1,1,-1,-1,1,-1,-1,1,-1,-1,-1,-1,1,-1,-1,0,
7-5_heat-signature-review.txt,0,2,-1,-1,1,-1,1,-1,-1,-2,-1,-1,0,-1,-1,0,-1,-1,1,1,-1,-1,-1,-1,-1,-1,-1,1,-1,-1,1,1,-1,1,-1,-1,-1,-1,-1,-1,-1,-1,1,1,-1,-1,-1,0,0,-1,-1,-1,1,-1,-1,-1,-1,-1,1,-1,-1,-1,-1,-1,-1,-1,-2,1,-1,1,-1,1,-1,-1,1,-1,2,2,-1,1,1,-1,
7-5_heroes-of-the-storm-review-into-the-breach.txt,-1,-1,1,-1,-1,-1,1,0,-1,-1,-1,-1,-1,-1,1,1,-1,-1,-1,-1,1,1,-1,-1,-1,-1,1,1,-1,-1,-1,0,-1,0,-1,-1,-1,-1,-1,0,-1,-1,-1,-2,-1,-1,-1,-1,-1,-1,-1,-1,1,-1,-1,-1,0,-1,-2,-1,-1,-2,1,-1,-1,-1,1,0,-1,-1,-1,-1,-1,-1,-1,-1,-1,-1,-1,1,-1,-1,-1,0,-1,-1,-1,-1,0,-1,
7-5_hitman-review.txt,0,-1,1,-1,-1,-1,-1,-1,1,-1,1,-1,-1,1,-1,-1,-1,-1,-1,-1,1,1,-1,-1,-1,0,1,0,-1,1,1,-1,-1,-1,-1,-1,-1,-1,-1,-1,-1,-1,1,-1,1,-1,1,-1,2,-1,1,1,-1,-1,-1,-1,-2,-1,-2,-1,-1,-1,-1,0,-1,-1,-1,-1,-1,-1,1,-1,1,-1,1,1,-1,-1,1,-1,1,1,-1,-1,-1,1,-1,-1,-2,-1,-1,1,1,-1,-1,-1,-1,-1,-1,-1,1,1,-1,-1,1,-2,-1,-1,1,-1,0,1,
7-5_knack-2-review.txt,1,1,0,-1,0,0,-2,-1,-2,-1,-1,-1,1,1,-1,1,-1,-1,-1,1,-1,1,-1,1,-1,-1,-1,1,1,-1,0,-1,-1,1,1,-1,-1,-1,1,0,0,-1,1,-1,-1,1,-1,-1,-1,1,1,1,-1,0,-1,-1,-1,-1,-1,-1,1,1,0,-1,-1,2,1,1,1,-1,-1,1,1,0,-1,-2,-1,1,-1,-1,-1,-1,-1,-1,0,-1,-1,-1,1,0,-1,1,-1,1,-1,1,-1,-1,1,1,-1,1,1,-1,
7-5_lara-croft-temple-of-osiris-review-xbox-one-ps4-playstation-4-pc.txt,1,-1,-1,1,1,-1,-1,-1,0,-1,-1,1,1,-1,1,1,1,1,-1,-1,-1,1,-1,-1,-2,1,0,
7-5_lords-of-the-fallen-review.txt,-1,-1,-1,1,-1,-1,1,1,-1,-1,1,-1,1,-1,-2,-1,-1,-1,1,0,-1,-1,-1,-1,1,-1,1,0,-1,-1,-1,-1,-1,-1,0,-1,-1,-1,-1,-1,-1,-1,-1,-2,-1,1,-1,1,0,
7-5_lost-dimension-review-ps3-ps-vita.txt,-1,-1,0,-1,-1,-1,1,-1,-1,-1,1,1,1,2,1,-1,1,1,1,1,1,-1,-1,0,-1,-1,-2,-1,-1,-1,-1,-1,-1,-1,-1,-1,-1,-1,-1,-1,-1,-1,-1,-1,-1,-1,1,0,-1,1,-1,-1,1,-2,-1,0,
7-5_marvel-vs-capcom-infinite-review.txt,-1,-1,-1,-1,-1,-1,-1,-1,-1,2,-1,0,-1,-1,-1,1,-1,1,1,1,-1,1,1,-1,-1,-1,1,1,1,-1,-1,-1,-1,-1,-1,-1,-1,-1,1,-1,-1,-1,0,1,-1,1,1,-2,-1,-1,0,-1,-1,-1,1,1,-1,-2,-1,-1,1,-2,-1,1,
7-5_mass-effect-andromeda-review-PS4-Xbox-One-PC.txt,-1,1,1,-1,-1,1,1,-1,-1,0,1,-1,1,-1,-1,-1,1,-1,-1,-1,-1,-1,-1,-1,-1,-1,-1,-1,1,-1,-1,-1,0,0,-1,1,1,-1,-1,-1,-1,2,-1,-1,-1,-1,-1,1,0,-1,1,1,-1,-1,1,0,-1,1,-1,1,1,-1,-2,1,-1,-1,-1,1,1,-1,-1,1,1,-1,-1,1,-1,-1,-1,-1,0,-1,-1,-1,1,-1,1,-1,0,0,2,-1,1,-1,0,-1,-1,1,
7-5_middle-earth-shadow-of-war-review.txt,1,-1,1,0,-1,1,-1,1,-1,-1,-1,-1,0,1,1,-1,1,-1,1,-1,1,-1,-1,-1,-1,-1,-1,-1,1,-1,-1,-1,0,-1,-1,1,-1,2,-1,-1,-1,-1,0,-1,-1,-1,-1,0,-1,0,1,-1,-1,1,-1,-1,-1,-1,-1,-1,-1,-2,1,1,-1,-1,-1,0,0,-1,-1,-1,-1,0,1,-1,1,0,-1,-1,1,-1,-1,-1,-1,1,-1,-1,1,1,1,0,0,1,-1,1,-1,0,0,0,1,-1,1,-1,-1,-1,-1,-1,1,0,0,-1,0,-1,-2,-1,0,-1,-1,-1,1,-1,-1,-1,-1,-2,-1,0,0,-1,-1,-1,-1,1,1,1,-1,-1,-1,1,-1,-1,-1,0,1,-1,
7-5_nascar-heat-2-review.txt,-1,-1,0,1,-1,-1,1,1,-1,-1,-1,1,-1,-1,-1,0,0,-1,1,1,-1,1,1,-2,0,1,-1,-1,-2,-1,-1,-1,-1,0,-1,-1,-1,1,1,-2,0,-2,-1,-1,1,-1,0,-1,-1,-1,-1,-1,-1,1,-1,-1,-1,-1,-1,
7-5_nascar-heat-evolution-review-ps4-xbox-one.txt,-1,-1,-1,-2,0,-1,-1,1,-1,-1,1,1,1,-1,0,-1,-1,-2,-1,1,-1,-1,1,-1,-1,-1,-1,-1,1,1,-1,1,-1,-2,-1,-1,-1,1,1,-1,-1,1,-1,-1,-1,-1,-1,1,-1,-1,-1,1,-1,-1,-1,-1,-1,-1,-1,-1,-1,-1,-1,0,-1,0,1,-1,-1,-1,-1,-1,-1,0,1,-1,-1,2,0,
7-5_nhl-16-review-ps4-xbox-one.txt,-1,-1,1,1,-1,-1,1,-1,1,-1,-1,-1,-1,-1,1,-1,-1,1,-1,0,-1,-1,1,1,1,0,-1,0,1,-1,-1,-1,-1,-2,1,1,1,-1,-1,-2,-1,-1,-1,-1,-2,-1,-1,-1,-1,1,1,-1,1,-1,1,-1,-1,1,-1,1,0,-1,-1,-1,-1,-1,0,
7-5_nhl-17-review-ps4-xbox-one.txt,-1,0,1,1,0,-1,-1,1,-1,1,-1,1,0,-1,-1,1,-1,1,-1,-1,0,-1,1,-1,-1,1,-1,1,1,-1,-1,1,-1,-1,-1,-1,-1,-1,-1,-1,1,1,-1,0,1,1,0,1,1,-1,-1,1,0,
7-5_night-in-the-woods-review.txt,-1,1,1,-1,1,1,-1,-1,-1,-1,-1,1,1,-1,1,1,1,-1,1,1,-1,1,1,-1,-1,-1,-1,0,-2,1,1,1,-1,-1,-1,1,1,1,1,1,1,
7-5_outlast-2-review.txt,0,0,1,1,-1,-1,-1,-1,-1,1,1,-1,-1,-1,-1,1,1,-1,-1,0,0,-1,-1,1,0,-1,1,-1,-1,-1,-1,-1,1,-1,-1,-1,-1,-1,1,-1,-1,-1,-1,
7-5_phoenix-wright-ace-attorney-spirit-of-justice-review-nintendo-3ds.txt,-1,-1,1,1,-1,1,1,-1,-1,1,-1,-1,-1,-1,-1,1,-1,-1,-1,-1,-1,1,-1,-1,0,1,-1,-1,-1,-1,-1,0,-1,1,-1,-1,-1,-1,2,1,-1,1,-2,1,1,0,1,0,
7-5_planetside-2-review-tipping-the-scale.txt,1,-1,-1,0,2,-1,1,-1,1,1,1,-1,-1,-1,1,1,1,-1,0,-1,-1,-1,1,-1,0,-1,-1,-1,-1,-1,1,-1,-1,-1,-1,-1,-1,1,-1,1,0,-1,-1,-1,-1,-1,-1,-1,-1,-1,-1,-1,-1,-1,-1,-1,-1,-1,-1,-1,-1,-1,1,2,-1,
7-5_pokemon-go-review-ios-android-nintendo-niantic-company-mobile-game.txt,-1,-1,1,1,-1,-1,-1,1,-1,-1,1,-1,-1,-1,1,-1,-1,-1,-1,1,-1,-1,1,1,1,1,-1,-1,-1,0,0,0,1,1,-1,-1,-1,-1,-1,-1,-2,-1,0,1,-1,-1,-1,-1,-1,1,1,-1,-1,-1,-1,-1,1,0,0,-1,1,-1,1,-1,1,0,1,1,1,-1,1,-1,0,
7-5_rock-band-4-review.txt,-1,-1,1,-1,-1,1,-1,-1,-1,-1,-1,-1,1,1,1,-1,1,1,1,0,-2,-1,-1,-1,-1,-1,-1,-1,-1,-1,-1,-2,0,-1,-1,-1,1,0,1,0,0,1,-1,-1,-1,-1,-1,-1,1,-1,0,-1,-1,0,
7-5_shin-megami-tensei-4-apocalypse-review-nintendo-3ds.txt,-1,-1,-1,0,1,-1,-1,2,-1,-1,-1,-1,-1,-1,-1,0,-1,0,1,-1,-1,1,-1,0,-1,1,-1,-1,-1,1,-1,-1,1,-1,-1,1,-1,-1,1,1,1,-1,1,-1,1,-1,1,-1,-1,-1,-1,-1,1,1,0,1,-1,0,
7-5_stellaris-review.txt,-1,0,0,0,1,1,-1,1,-1,2,-1,2,-1,1,-1,1,0,-1,-1,-1,-1,-1,-1,1,0,1,-1,2,1,-1,1,-1,-1,1,-1,-1,0,-1,-1,0,-1,-1,-1,1,-1,-1,-1,-1,1,-1,0,-1,1,-1,-1,-1,-1,1,-1,-1,-1,1,-1,0,-1,-1,-1,0,-1,-1,-1,-1,1,2,-1,-1,-1,1,0,0,-1,1,1,1,-1,1,1,-1,0,
7-5_the-walking-dead-season-3-a-new-frontier-review-three-telltale-games-series-episode-1-2-3-4-5.txt,-1,0,-1,-1,-1,-1,-1,-1,-1,-1,1,0,-1,-1,-1,-1,-1,-1,1,-1,-1,-1,-1,-1,-1,-1,0,-1,0,1,-1,-1,1,-1,0,-1,1,-1,-1,-1,-1,-1,1,-1,-1,-1,-1,1,-1,-1,-1,1,0,-1,-1,-2,-2,-1,-1,-1,0,0,-1,
7-5_tyranny-review-windows.txt,-1,-1,-1,-1,-1,-1,-1,-1,-1,-1,-1,-1,-1,-1,-1,0,0,0,-1,-1,-1,-1,1,-1,0,-1,-1,-1,1,-1,1,1,-1,-1,-1,0,-1,0,-1,-1,1,-1,-1,-1,-1,-1,1,-1,-1,-1,-1,-1,0,1,-1,-1,-1,1,-1,0,
7-5_yo-kai-watch-2-bony-spirits-fleshy-souls-review.txt,-1,-1,-1,-1,0,-1,-1,1,-1,-2,-1,-1,1,1,-1,-1,0,-1,-1,-1,-1,-1,-1,1,1,1,0,0,-1,-1,-1,1,1,-1,-1,1,1,-1,-1,0,1,1,-1,1,1,1,1,-1,-1,-1,0,1,1,0,
7-5_yo-kai-watch-review-nintendo-3ds.txt,-1,0,-1,1,-1,1,-1,-1,-1,-1,-1,-1,-1,-1,-1,1,0,-2,0,1,1,1,-2,1,1,-1,-1,-1,-1,-1,1,0,0,1,-1,-1,-1,-1,-1,-1,1,-1,-1,1,-1,-1,-1,-1,0,-1,-1,-1,1,1,-1,-1,1,1,1,-1,0,
7.5_the-last-guardian-review-playstation-4-ps4-trico-sony-fumito-ueda-gendesign.txt,-1,1,0,1,1,-1,-1,-1,-1,-1,-1,1,0,1,-1,-2,-1,0,-1,-1,1,-1,-1,-1,-1,0,0,-1,-1,-1,-1,-1,-1,-1,-1,0,2,1,1,-1,1,-1,-1,-1,1,-1,0,
7_axiom-verge-review-ps4-playstation-4-vita.txt,0,-1,2,-1,-1,-1,-1,-1,-1,-1,1,-2,-1,-2,-1,-1,-1,-1,-1,1,1,-1,-1,1,-1,-2,-1,-1,1,-1,-1,-1,1,1,-1,-1,-1,-1,-1,-1,1,-1,-1,-1,-1,-1,-1,0,
7_battlefield-hardline-review-xbox-one-PS4-playstation-4-PC.txt,-1,-1,-1,0,-1,0,-1,-1,-1,-1,-1,-1,-1,1,-1,-1,-1,-1,1,-1,-1,-1,1,-1,-1,-1,0,-1,-1,-1,1,-1,1,-1,1,1,-1,-1,-1,-1,-1,-1,-1,-1,-1,-1,-1,-1,-1,-1,-1,0,-1,-1,-1,-1,-1,-1,-1,-1,-1,1,-1,-1,-1,-1,-1,-1,-1,-1,-2,-1,-1,1,1,-1,0,0,1,
7_bravely-second-end-layer-review-3ds.txt,-1,-1,-1,-1,-1,1,-1,-1,-1,0,-1,-1,0,-1,-1,-1,-1,1,-1,-1,-1,-1,-1,-1,-1,-2,-2,-2,-1,-1,1,0,-1,-1,-1,-1,1,-1,-1,-1,-1,-1,-1,1,-1,-1,-1,-1,-1,0,
7_call-of-duty-black-ops-3-review-ps4-xbox-one-pc.txt,-1,-1,-1,-1,-1,-1,-1,1,1,-1,-1,-1,-2,-2,-1,-1,-1,-1,1,-1,1,-1,-1,-1,-1,-1,-1,-1,-1,-1,-1,0,-1,-1,-1,1,1,-1,-1,-1,1,-1,1,-1,1,-1,-1,-1,-1,-2,-1,-1,-1,-1,0,1,-1,-1,1,-1,1,-1,-1,1,-1,-1,-1,-1,-1,1,-1,-1,-1,1,-1,1,-1,1,1,-1,1,-1,0,-1,-1,1,
7_cobalt-review.txt,-1,-1,-1,1,-1,1,1,1,-1,1,-1,1,0,-1,1,-1,0,-1,-1,-1,-1,-1,-1,0,-1,-1,-1,0,-1,-1,-1,-1,-2,0,-1,-1,1,-1,-1,0,1,1,1,-1,-1,-1,-1,0,1,-1,-1,-1,-1,0,
7_dangerous-golf-review-pc-windows-ps4-xbox-one.txt,0,1,-1,-1,-2,-1,-1,0,-1,0,-1,1,1,-1,0,-1,1,-1,-1,1,-1,-1,1,-1,-1,1,0,-1,1,-1,0,0,-1,-1,-1,-1,1,1,-1,-1,-1,-1,-1,-1,1,-1,1,1,-1,-1,-1,0,2,-2,1,-1,-1,-1,1,0,
7_dark-souls-3-review-from-software-ps4-playstation-4-xbox-one-pc-windows.txt,-1,1,-2,1,-1,-1,1,-1,1,-1,-1,-1,0,1,-1,-2,1,-1,-1,1,-1,-1,-1,0,-1,0,-1,-1,-1,-1,-1,1,-1,0,-1,-1,-1,1,0,-2,-1,-1,1,-1,-1,1,-1,2,-1,1,-1,-1,-1,-1,-1,1,-1,1,-1,0,
7_day-of-the-tentacle-remastered-review-pc-mac-ps4-vita.txt,1,0,1,0,-1,-1,-1,-1,-1,1,0,1,-1,0,1,1,-1,1,1,2,1,1,1,0,-1,-1,1,-1,-1,-1,1,-1,-1,1,-1,-2,-1,-1,1,-1,0,
7_destiny-house-of-wolves-review.txt,-1,-1,-1,-1,-1,-1,-1,-1,1,-1,-1,0,1,-1,-1,1,1,-1,-1,-1,-1,-1,-1,1,0,-1,0,-1,-1,-1,1,1,2,1,-1,-1,-1,-1,-1,1,-1,1,-1,-1,0,1,-1,-1,-1,-1,-1,0,
7_destiny-review-no-fate.txt,-1,-1,-1,-1,0,-1,0,-1,-1,1,-1,-1,-1,1,-1,-2,-1,-1,-1,-1,0,-1,-1,-1,0,-1,-1,-1,-1,1,-1,-1,-1,1,-1,-1,-1,-1,0,0,-1,-1,1,1,-1,-1,-1,-1,-1,-1,-1,-1,-1,-1,-1,-1,-1,-1,-1,1,-1,-1,-1,-1,-1,-1,-1,-1,0,-1,-1,-1,-1,-1,-1,0,-1,-1,-2,1,0,-1,-1,1,-1,-1,-1,1,1,-1,-1,-1,-1,-1,-1,-1,-1,-1,-1,-1,-1,1,-1,-1,1,-1,-1,1,-1,-1,1,-1,1,-1,-1,-1,-1,0,0,-1,0,0,-1,-1,1,-1,1,1,-1,-1,-2,-1,-1,-1,-1,0,-1,-1,-1,0,1,-1,
7_dragons-dogma-review-breaking-with-tradition.txt,0,-1,-1,0,1,-1,-1,1,1,0,-1,0,-1,0,-1,1,1,0,-1,1,-1,-1,-1,-1,-2,-1,-1,0,1,-1,-1,1,1,-1,1,-1,1,1,1,-1,-1,0,1,-2,1,-1,-1,-1,-1,1,0,1,1,1,-2,-1,-1,1,-1,0,
7_everybodys-gone-to-the-rapture-review-ps4-playstation-4-chinese-room.txt,1,-1,0,0,0,-1,0,-1,0,-1,1,0,2,0,-1,0,-1,1,-1,1,-1,-1,1,1,1,-1,-1,-1,-2,1,-1,-1,0,1,-1,-1,-1,-1,-1,-1,-1,-2,1,1,-1,1,-1,0,1,-1,-1,-1,-1,-1,-1,-1,-1,-1,-1,-1,-1,0,-1,
7_fantasia-music-evolved-review-xbox-one-360.txt,-1,1,-1,1,1,-1,-1,1,-1,1,-1,-1,1,-1,-1,-1,-1,0,-1,-1,1,-1,-1,-1,-1,-1,-1,-1,-2,1,-1,-1,-1,1,0,1,-1,1,1,-1,0,1,1,0,
7_game-of-thrones-episode-2-two-the-lost-lords-review-telltale-xbox-one-pc-mac-playstation-4-ps4.txt,-2,1,1,0,-1,1,1,-1,-1,1,1,-1,-1,-1,-1,-1,1,0,-1,-1,1,-1,-2,0,-1,0,-1,-1,0,
7_game-of-thrones-telltale-episode-5-review-nest-of-vipers.txt,0,-1,-1,1,-1,1,-1,1,-1,-1,-1,-1,-1,-1,-1,-1,-1,-1,-1,-1,1,-1,-1,1,-1,0,-1,-1,-1,-1,-1,1,1,-1,1,-1,1,-1,-1,1,-1,-1,-1,1,0,0,-2,-1,0,-1,1,1,-1,0,
7_grim-fandango-remastered-review-pc-ps4-playstation-4-vita-windows-mac.txt,1,-1,1,-1,1,0,-1,-1,2,-1,1,1,-1,-1,1,-1,-1,1,-1,1,1,1,-1,1,1,-1,-1,-1,-1,0,-1,-1,-1,-1,-1,-2,-1,2,-1,1,-1,0,
7_hey-pikmin-review.txt,-1,0,0,1,-1,-1,1,0,-1,-1,-1,-1,-1,-1,-1,0,1,-1,-2,0,-1,0,0,-1,-1,-1,-1,-1,-1,-1,-1,-1,0,0,-1,1,-1,1,-1,0,1,1,1,0,1,-1,-1,-1,0,-1,-1,-1,-1,-1,0,-1,1,-1,1,
7_homeworld-deserts-of-kharak-review-pc-gearbox-blackbird.txt,0,-1,0,0,-1,-1,-1,-1,-1,0,-1,-1,-1,1,1,-1,1,-1,-1,-1,-1,-2,-2,-1,-1,1,-1,1,1,1,0,0,-1,0,-1,-1,-1,-1,-1,1,-1,1,-1,-1,0,
7_ladykiller-in-a-bind-review.txt,0,-1,-1,-1,-1,-1,-1,1,-1,-1,-1,-1,-1,-1,1,-1,-1,-1,-1,1,-1,-1,-1,-1,-1,-1,1,-1,-2,1,-2,-2,1,0,-1,1,1,-1,-2,-1,1,-1,1,1,-1,-1,-1,-1,-1,-1,1,-1,0,0,
7_littlebigplanet-3-review-ps4-playstation-4-little-big-planet.txt,0,1,0,-1,-1,-1,-1,-1,-1,1,0,1,1,-1,-1,1,1,1,-1,-1,-1,-1,-1,-1,0,0,-2,1,-1,1,-1,1,1,-1,-1,-1,-1,-1,1,1,-1,1,-1,-1,1,-1,-1,-1,-1,-1,-1,1,-1,0,0,
7_nba-2k18-review.txt,-1,2,-1,-1,-1,-1,-1,-1,-1,-1,-1,-1,-1,-1,-2,-1,-1,0,1,0,0,0,-1,0,-1,-1,-1,1,-1,0,0,0,0,-1,1,-1,-1,0,-1,-1,-1,1,-1,-1,-1,-1,-1,0,1,-1,-1,-1,-1,1,-1,0,1,-1,-1,-1,1,-1,-1,-1,0,-1,
7_nba-live-18-review.txt,1,-1,-1,-1,1,1,1,-1,0,-1,-1,-1,1,1,-1,-1,0,1,-2,1,1,-1,-1,1,-1,-1,1,0,-1,1,-1,-1,-1,-1,-1,-1,-1,-1,-1,-1,1,1,1,
7_never-alone-review-ps4-xbox-one-pc.txt,0,-1,-1,1,-1,-1,-1,-1,-1,-1,1,-1,-1,-1,1,-1,-1,-2,-1,-1,-1,-1,-1,-1,-1,-2,-2,1,-1,0,2,1,-1,-1,-1,-1,-1,
7_oxenfree-review-xbox-one-pc.txt,-1,1,-1,1,-1,-1,-1,-1,-1,-2,-1,1,-1,1,-1,1,1,-1,-1,-1,-1,1,-1,1,-1,1,-1,-1,-1,-1,2,-1,-1,-1,0,-1,-1,-1,-1,-1,0,-1,1,-1,1,-1,-1,-2,1,-1,1,-1,0,
7_resident-evil-0-hd-remaster-review-xbox-one-ps4-playstation-4-pc-360-3-ps3.txt,1,-1,-1,-1,-1,-1,-1,0,-1,-1,-1,1,1,-1,1,-1,-1,-1,-1,-1,-1,-1,-2,1,1,-1,-1,0,2,1,1,-1,-1,-2,-1,-1,1,1,-1,1,0,
7_resident-evil-hd-remaster-review-pc-xbox-one-ps4-playstation-4-360-3.txt,-1,1,-1,-1,-1,1,2,-1,-1,-1,1,-2,1,1,0,-1,-1,-1,-1,1,-1,-1,1,-1,-1,-1,-1,-1,-1,1,-2,-1,-1,-1,-1,0,1,0,1,1,1,0,
7_song-of-the-deep-review.txt,-1,1,1,-1,-1,2,-1,-1,-2,-1,-1,1,1,1,1,1,0,-1,0,-1,-1,-1,-1,1,-1,1,-1,-1,-1,-1,-1,1,-1,-1,1,-1,1,-1,0,
7_sonic-mania-review-ps4-xbox-one-switch-pc.txt,-1,-1,-1,0,-1,-1,1,-1,-1,-1,-1,-1,-2,-1,-1,-1,-1,-1,1,-1,-1,-1,-1,1,-1,-1,-1,1,-1,-1,-1,-1,-1,-2,-1,-1,-1,-1,1,1,0,1,-1,-1,-1,-1,0,-1,-1,-1,-1,-1,-1,-2,-1,1,-1,-1,-1,-1,1,-1,-1,-1,1,-1,
7_super-mario-run-review-ios-iphone-ipad-android-nintendo-mobile.txt,0,-1,-1,1,-1,-1,-1,-1,-1,-1,1,-1,-1,-1,0,-1,0,1,-1,-1,1,-1,-1,-2,-1,-1,-1,-1,-1,-1,-1,-1,-1,0,-1,-1,-1,1,-1,-1,-1,1,-1,1,-1,1,1,1,1,0,-1,0,
7_tacoma-review-xbox-one-pc-gone-home-fullbright.txt,1,1,1,-1,0,1,-1,-1,-1,-1,-1,-1,1,-1,1,1,-1,-1,-1,-1,1,1,-1,-1,-1,-1,-1,-1,-1,1,-1,-1,-1,-1,1,-1,-1,-1,-1,-1,1,-1,2,-1,-1,1,-1,-1,-1,-1,1,1,0,-1,1,-1,-1,
7_the-division-review-ps4-xbox-one-pc.txt,0,1,-1,1,-1,-1,-2,-1,0,0,1,-1,-2,-1,-1,1,-1,1,0,-1,-1,-1,-1,2,-1,1,1,-1,-1,-1,1,-2,-1,-1,-1,1,0,-1,-1,-1,-2,1,-1,-1,-1,1,-1,-1,-1,-1,-1,-1,-1,1,-1,-1,-1,-1,-1,1,-1,-1,-1,-1,-1,0,
7_titanfall-2-review-xbox-one-PC-ps4-playstation-4.txt,1,-1,-1,1,0,-1,-1,-1,-1,-1,0,-2,-1,-1,-1,-1,-1,1,-1,1,1,-1,-2,1,2,1,-1,1,-1,-1,-1,-1,-1,2,-1,-1,1,-1,-1,-1,-1,0,-1,-1,-1,-1,-1,-1,-1,-1,-1,-1,1,-1,-1,1,-1,-1,-1,-1,-1,-2,-1,1,-1,1,-1,-1,-1,-1,-1,-1,-1,-1,-1,1,-1,-1,1,1,-1,0,1,-1,
7_we-are-chicago-review.txt,-1,-1,-1,-1,-1,1,-1,-1,1,-1,0,-1,1,1,-1,0,-1,-1,-1,-1,-1,-1,-1,-1,-1,-1,-1,-2,-1,-1,-1,1,-1,-1,0,-1,-1,-1,-1,-1,0,-1,1,0,1,-1,-1,-1,-1,-1,1,-1,-1,0,-2,-1,-1,-1,-1,1,0,
7_wolfenstein-the-old-blood-review-ps4-PC-xbox-one.txt,1,1,-1,-1,-1,1,1,1,-1,-1,-1,0,0,1,-1,1,-1,-1,1,1,-1,-1,-1,-1,-1,-1,1,0,0,
7_world-of-final-fantasy-review-ps4-vita.txt,-1,1,0,1,-1,-1,-1,0,-1,-1,-1,-1,-1,-1,1,-1,2,-1,-1,-1,-1,1,-1,1,1,-1,-1,-1,-1,-1,-1,-2,-1,-1,1,-1,-1,-1,0,-1,-1,1,1,-1,-1,1,1,-1,1,0,
7_xenoblade-chronicles-x-review-wii-u-nintendo-monolith-soft.txt,1,-1,-1,-1,0,-1,-1,1,-1,-1,1,1,1,-1,1,-1,-1,-1,-1,-1,-1,-1,2,-1,-1,1,-1,-1,1,-1,1,-1,-1,1,-1,0,-1,-1,-2,-1,-1,1,-1,-1,-1,-1,-1,1,1,1,-1,-2,0,-1,1,-1,-1,0,-1,-1,1,-1,1,0,
7_yakuza-kiwami-ps4-playstation-4-remake-review.txt,1,-1,-1,-1,-1,-2,-1,1,1,-1,-1,-1,-1,0,1,1,-1,-1,1,1,-1,0,-1,-1,-1,-1,-2,-1,1,1,-1,-1,-1,-1,-1,-1,-1,1,-1,-1,-1,-1,1,2,-1,1,-1,1,0,-1,1,-1,-1,-1,1,-1,0,0,-1,-1,-1,-1,-1,-1,-1,0,-1,-1,0,0,-1,-1,1,1,1,-1,1,-1,-1,
7_yonder-the-cloud-catcher-chronicles-review.txt,-1,-1,-1,-1,-1,-1,-1,0,-1,0,1,-1,-1,-1,-1,0,-1,-1,1,-1,0,1,-1,0,-2,0,-1,-1,-1,-1,-1,-1,-1,0,-1,-1,-1,-1,-2,1,1,1,-2,-1,-1,-1,-1,1,-1,-1,1,-1,-1,
8-5_absolver-review.txt,-1,1,1,1,0,-1,1,-1,-1,1,-1,1,-1,0,-1,1,1,-1,-1,1,1,0,0,1,1,-1,-1,-1,-1,-1,1,-1,-1,-1,-1,-1,-1,-1,1,1,1,-1,1,-1,-1,-1,-1,-1,1,0,-1,-1,-1,1,-1,0,1,
8-5_assassins-creed-syndicate-review-xbox-one-ps4-pc.txt,-1,0,-1,0,-1,1,0,-1,0,0,1,1,-1,1,-1,-1,-1,-1,-1,-1,-1,-1,-1,-1,-1,-1,1,-1,1,-2,-1,-1,-1,-1,-1,-1,-1,-1,-1,1,-1,1,-1,1,1,0,-1,-1,-1,-1,-1,1,1,1,-1,-1,-1,-1,-1,-1,1,-1,-1,0,0,
8-5_blackwood-crossing-review-xbox-one-playstation-4-windows.txt,0,-1,-1,1,-1,0,-1,-1,1,1,-1,0,0,1,0,-1,-1,-1,-1,-1,-1,-1,0,1,1,1,1,-1,1,-1,1,-1,1,2,2,1,-1,
8-5_call-of-duty-infinite-warfare-review-ps4-pro-playstation-4-xbox-one-windows-pc.txt,0,-1,1,0,-1,-1,1,1,1,0,-1,-1,1,1,0,-1,1,-1,-1,1,-1,-1,-1,1,1,-1,1,-1,-1,1,-1,1,-1,-1,1,1,1,-1,-1,-1,-1,1,-1,-2,1,-1,-1,-1,-1,-1,0,-2,-1,-1,1,-1,1,-1,-1,-1,-1,1,-1,-1,-1,-1,-1,1,-1,-1,-1,-1,-1,-1,-1,0,-1,1,1,0,0,1,-1,-1,-1,-1,0,-1,-1,0,-1,-1,-1,-1,1,-1,0,-1,-1,-1,-1,-1,-1,
8-5_captain-toad-treasure-tracker-review-wii-u.txt,1,-1,-1,-1,0,2,-1,0,-1,-1,1,1,-1,-1,-1,-1,-1,-1,1,-1,1,1,-2,1,1,1,-1,-1,-1,0,-1,-1,-1,-1,-1,1,1,1,-1,1,0,
8-5_cuphead-review-xbox-one-windows-pc.txt,-1,1,0,2,-1,-1,-1,-1,-1,-1,-1,-1,1,-1,-1,-1,0,0,-1,0,-1,1,1,-1,1,-1,-1,0,-1,1,-1,-1,-1,-1,1,1,-1,1,-1,-1,1,1,1,-1,1,-1,-1,-2,-1,-1,1,1,-1,-1,-1,-1,-1,-1,-1,-1,
8-5_destiny-the-taken-king-review.txt,-1,-1,1,1,-1,-1,-1,1,-1,-1,0,-1,-1,-1,-2,-1,1,2,-1,-1,-2,-1,1,-1,0,-1,1,1,-1,-1,-1,-1,-1,1,1,1,1,-1,1,1,-1,1,-1,2,-1,-1,0,-1,1,1,1,-1,-1,-1,-1,-1,-1,-1,-1,0,-1,0,-1,-1,-1,-1,-1,1,-1,0,
8-5_deus-ex-mankind-divided-review-xbox-one-PC-PS4.txt,-1,-1,-1,1,1,-1,-1,1,1,1,-1,-1,-1,-1,-1,-1,-2,1,-1,-1,0,-1,-1,-1,1,-1,-1,-1,-1,-1,1,1,-1,-1,1,1,-1,-1,-1,1,1,1,-1,-1,1,-1,2,1,-1,-1,-2,-1,-1,-1,-1,-1,-1,-1,-1,-1,1,-1,-1,-1,-1,-1,0,-1,-1,-1,1,-1,-1,-1,-1,-1,-1,-1,-1,1,0,0,0,
8-5_dishonored-2-review-ps4-xbox-one-pc.txt,1,1,-1,-2,2,-1,1,-1,-1,-1,-1,-2,-1,-1,-1,1,-1,-1,-1,1,-1,-1,1,1,1,-1,-1,1,-1,-1,-1,-1,1,-1,-1,-1,1,1,1,-1,1,1,1,1,-1,1,1,1,-1,-1,1,-1,-1,2,-1,-1,-1,-1,-1,-1,-1,1,-1,-1,1,-1,-1,0,-1,-2,-1,-1,-1,-1,-1,0,
8-5_doom-review-PC-xbox-one-PS4.txt,-1,-1,-1,1,1,0,-1,-1,-1,1,1,-1,-1,1,-2,-1,1,-1,-1,-1,-1,-1,1,-1,-1,-1,-1,-1,-1,-1,1,-1,-1,-1,1,1,-1,1,1,-1,1,-1,0,1,-2,-1,-1,2,-1,-1,1,-1,-1,-1,1,0,-1,0,-1,-1,-1,2,1,-1,1,-1,-1,-1,1,1,-1,-1,-1,-1,-1,1,-1,-1,-1,-1,0,1,-1,-1,-1,-2,-1,-1,1,-1,-1,1,1,0,
8-5_dota-2-review.txt,-1,-1,0,-1,-1,-1,-1,-1,-1,-1,1,-1,-1,-1,-1,-1,-1,-1,-1,1,-1,-1,-1,1,-1,-1,-1,1,1,0,1,0,1,1,0,-1,1,-1,0,-1,1,1,1,0,1,-1,1,-1,-1,-1,1,1,-1,1,-1,-1,-1,2,-1,1,-1,1,-1,-1,-1,-1,-1,-1,-1,-1,-1,1,-1,-1,-1,-2,0,1,1,-1,-1,1,-1,-1,-1,-1,1,-1,2,-1,-1,2,
8-5_dragon-quest-builders-review-PS4.txt,-1,1,1,-1,-1,-1,-1,0,-1,-2,-1,-1,-1,1,-1,-1,0,-1,-1,-1,-1,-1,-1,1,-1,-1,-1,1,-1,-1,-1,-1,-1,1,-1,-1,-1,1,-1,1,-1,-1,0,-1,1,-1,1,-1,-1,-1,-1,-1,-1,-2,-1,-1,-1,-1,-1,0,1,-1,2,-1,-1,1,0,
8-5_dreamfall-chapters-book-3-realms-review.txt,-1,-1,2,1,-1,1,-1,-1,-1,-2,-1,-1,-1,-1,1,0,-1,-1,-1,0,-1,1,-1,-1,-1,-1,-1,-1,1,-1,-1,1,1,1,1,0,
8-5_etrian-odyssey-2-untold-the-fafnir-knight-review-nintendo-3ds-atlus.txt,-1,-2,-1,1,1,-1,-1,1,-1,-1,-1,1,0,0,-1,1,1,-1,-2,-1,-1,-1,-1,-1,1,1,-1,-1,1,1,-1,-1,-1,1,-1,0,1,-1,-1,-1,-1,0,0,1,-1,-1,-1,1,-1,-1,0,-1,0,
8-5_far-cry-primal-review-ps4-xbox-one-pc.txt,-1,1,-1,-1,-1,-1,-1,-1,0,0,0,-1,-1,-1,-1,-1,-1,1,-1,-1,-1,-1,0,0,-2,-1,-1,1,-1,0,-1,-1,-1,-1,-1,-1,-1,-1,-1,-1,1,1,-1,1,0,-1,-1,-1,-1,-1,0,
8-5_final-fantasy-xii-the-zodiac-age-review.txt,1,-1,2,-1,-1,-1,-2,-1,1,-1,-1,1,1,-1,1,1,-1,-1,0,1,-1,-1,1,0,1,1,0,1,-1,0,-1,-1,1,-2,1,1,0,1,-1,-1,-1,-1,-1,1,-1,-1,1,-1,-1,-1,-1,-1,-1,-1,-1,-1,-1,-1,-1,1,0,-1,-1,-1,-1,1,0,-1,-1,
8-5_fire-emblem-fates-review.txt,-1,0,0,-1,-1,-1,-1,-1,-1,-1,-2,-1,-1,1,-1,1,-1,0,1,1,-1,-1,0,1,-1,-1,1,-1,-1,0,-1,-1,-1,-1,-1,-1,1,2,1,-1,1,1,-1,-1,1,-1,-1,-1,2,-1,-1,-1,-1,-1,-1,-1,-1,-1,-1,-1,-1,1,1,-1,-1,0,
8-5_firewatch-review-pc-ps4-playstation-4-campo-santo.txt,-1,1,1,-1,1,-1,-1,-1,-1,-1,1,1,0,1,-1,1,-1,0,0,0,1,-1,-1,-1,-1,-1,0,1,1,0,-1,-1,-1,-1,-1,1,-1,0,-1,1,1,0,1,1,0,1,-1,1,-1,-1,-1,1,-1,-1,1,1,-1,1,-1,-1,0,1,-1,-1,0,1,2,-1,1,-1,-1,-1,1,1,-1,0,
8-5_forza-7-review.txt,-1,1,-1,0,1,0,1,1,-1,1,0,0,1,-1,1,1,0,-1,-1,-1,1,-1,-1,1,-1,1,-1,1,1,-1,1,1,-1,1,0,-1,-1,-1,-1,-1,-2,-1,-1,0,0,1,1,1,-1,-1,1,0,-1,1,1,0,1,1,0,-1,0,0,-1,-1,0,0,0,-1,-1,-1,1,1,1,1,0,0,1,1,1,-1,1,-1,-1,0,1,2,1,1,1,1,-1,-1,-1,-1,-1,0,1,1,1,-1,-1,1,-1,-1,-1,-1,1,0,-1,1,-1,-1,-1,0,-1,0,1,-1,-1,-1,1,1,-1,1,-1,1,2,2,
8-5_forza-horizon-3-review.txt,1,2,-1,-1,-1,2,1,-1,-1,1,-1,-1,-1,0,0,-1,-1,1,-1,-1,-1,-1,1,-1,-1,1,-1,1,1,-1,1,0,0,0,1,1,-1,2,2,1,-1,-1,-1,0,-1,-1,1,-1,1,-1,-1,1,0,-1,-1,-1,-1,1,-1,1,-1,1,-1,1,-1,1,0,1,1,1,0,1,1,-1,-1,1,0,-1,1,1,0,0,-1,-1,-1,-1,-1,1,-1,-1,1,0,1,1,1,-1,0,
8-5_hellblade-senuas-sacrifice-review.txt,-1,-1,1,1,-1,1,-1,0,-1,-1,-1,-1,0,-1,-1,2,-1,-1,-1,1,-1,-1,1,-1,-1,2,0,1,-1,-1,-1,-1,-1,-1,0,1,0,-1,-1,-1,-1,-1,1,-1,-1,-1,-1,-1,-1,-1,0,-1,-1,-1,-1,1,2,0,-1,-1,-1,-1,-1,-1,-1,0,0,-1,1,
8-5_her-story-review-mac-windows-pc.txt,-1,2,1,1,-1,1,0,1,-1,-1,1,1,-1,1,-1,0,-1,-1,0,-1,-1,1,-1,1,-1,-1,1,1,-1,-1,0,-1,0,
8-5_hotline-miami-2-wrong-number-review-pc.txt,-1,-1,1,1,1,-1,-1,1,-1,-1,-1,-1,1,-1,1,-1,-1,-1,-1,-1,-1,1,-1,-1,-1,-1,-1,1,-1,1,-1,-1,1,1,-1,-1,-2,1,-1,-1,-1,-1,0,0,-1,0,
8-5_hyper-light-drifter-review-PC.txt,0,-1,-1,-1,-1,-1,-1,-1,-1,-1,1,1,-1,0,1,1,1,1,1,1,-1,-1,0,-1,-1,-2,-1,-1,-1,1,1,-1,-1,0,-1,-1,-1,-1,0,-1,-1,1,1,-1,-1,-1,-1,-1,-1,-1,-1,-1,-1,-1,-2,0,-1,-1,1,1,0,
8-5_i-am-setsuna-review-ps4-steam-square-enix-tokyo-rpg-factory.txt,1,1,1,1,1,1,-1,-1,1,-1,-1,-1,1,1,1,1,1,-1,-1,-1,-1,1,-1,-1,-1,-1,-1,-1,-1,-1,1,-1,1,1,1,1,-1,-1,1,0,
8-5_idarb-review-xbox-one.txt,-1,-1,-1,-1,1,1,-1,-1,1,-1,-1,1,-1,-1,-1,1,-1,-1,-1,1,-1,1,-1,-1,-1,1,1,-1,1,-1,-1,0,1,1,-1,-1,-1,1,-1,-1,1,-1,-1,0,
8-5_just-cause-3-review.txt,1,1,2,-1,1,1,1,1,-1,-1,-1,-1,-1,-1,2,1,-1,-1,0,-1,1,-1,1,-1,-1,1,-1,-1,-1,1,1,-1,-1,-1,1,1,-1,-1,-1,0,0,1,-1,-1,-2,-1,1,-1,-1,0,-1,1,-1,1,-2,0,-1,-1,1,0,
8-5_kirby-and-the-rainbow-curse-review-wii-u.txt,-1,1,-1,-1,-1,-1,-1,-1,-1,1,-1,-1,-1,1,-1,-1,1,-1,-1,-1,1,-1,-1,0,1,1,-1,1,-1,-1,1,-1,0,-1,-1,-1,-1,-1,1,1,-1,0,
8-5_last-day-of-june-review.txt,1,0,0,-1,1,1,-1,-1,0,0,0,-1,-1,0,-1,-1,-1,-1,1,-1,1,1,1,1,-1,-1,-1,1,0,0,-1,-1,0,1,1,1,1,1,-1,1,1,-1,-1,2,1,-1,-1,1,-1,0,1,-1,1,0,1,-1,-1,-1,-1,-1,-1,-1,-1,-1,1,1,1,-1,0,2,1,
8-5_life-is-strange-episode-two-review.txt,1,1,-1,-1,-1,-1,1,-1,-1,-1,0,0,-1,0,0,-1,-1,-1,1,-1,-1,-1,1,-1,1,1,-1,-1,-1,-1,-1,1,1,-1,-1,0,-1,-1,1,-1,-1,-1,0,0,-1,1,1,-1,1,1,0,1,-1,-1,-1,-1,1,1,-1,-1,-1,-1,-1,1,1,1,-1,-1,1,-1,-1,0,-1,2,1,1,0,1,-1,0,1,-1,1,-1,0,1,1,-1,0,
8-5_little-nightmares-review.txt,-1,1,-1,0,-1,1,-1,-1,-1,-1,-1,-1,-1,-1,-1,-1,0,0,0,0,0,-1,-1,-1,-1,-1,1,1,0,-1,-1,-1,0,2,-1,-1,0,-1,-1,-1,-1,-1,-1,-1,-2,0,0,0,-1,-1,-1,1,-2,1,-1,-1,1,-1,-1,
8-5_monster-hunter-4-ultimate-review-new-3ds-xl.txt,1,-1,0,1,1,-1,-1,-1,1,-1,-1,0,-1,0,1,-2,-1,0,-1,0,-1,-2,1,-1,-1,1,1,-1,-1,1,2,1,-1,0,-1,-1,-1,-1,-1,-1,-1,2,-1,0,-1,0,1,-1,-1,-1,-1,2,0,
8-5_monster-hunter-generations-review-capcom-3ds.txt,-1,1,-1,-1,0,1,-1,-1,1,-1,-1,-1,-1,-1,-1,-1,-1,-1,-1,-2,1,-1,-1,1,1,-1,1,0,-1,0,-1,-1,-1,2,-1,-1,1,-1,-1,-1,-1,1,-1,-1,0,1,-1,-1,0,2,-1,1,-1,-1,-1,-1,1,1,0,
8-5_mortal-kombat-x-review-PS4-Xbox-One.txt,-1,-1,-1,-1,1,-1,-1,-1,0,-1,0,1,1,-1,0,-1,-1,1,-1,1,-1,1,1,-1,-1,0,1,-1,1,1,-1,-1,1,1,-1,1,1,0,-1,-1,-1,-1,1,-1,1,-1,1,-1,-1,0,-1,1,-1,-1,0,-1,-1,1,-1,-1,-1,1,1,1,-1,1,-1,-1,0,-1,-1,-1,-1,-1,-1,0,
8-5_obduction-review-myst-cyan-PC.txt,1,1,-1,1,-1,-1,-1,0,1,0,-1,-1,-1,-1,-1,-1,-1,-1,-1,0,1,1,-1,-1,-1,-1,-1,-1,0,-1,-1,-1,1,0,0,-1,1,1,1,-1,1,-1,-1,-1,-1,1,-1,1,2,1,1,1,1,-1,-1,-1,1,-1,1,-1,2,1,-1,1,-1,1,1,-1,-1,-1,0,-1,-1,-1,-1,1,0,1,0,
8-5_persona-4-dancing-all-night-review-vita.txt,-1,1,1,1,1,-1,-1,-1,-1,-1,-1,1,-1,-1,1,-1,1,1,0,1,-1,-1,-1,-1,-1,-1,1,-1,1,1,-1,-1,1,-1,-1,1,-2,-1,-2,1,1,
8-5_pokemon-sun-and-moon-review-nintendo-3ds.txt,0,1,-1,-1,1,1,-1,1,-1,0,1,1,-1,1,-1,1,-1,0,0,-1,1,-1,-1,2,1,2,1,-1,1,-1,-1,-1,-1,-1,-1,-1,-1,-1,-1,1,-1,-1,-1,0,-1,-1,-1,-1,1,-1,-1,-1,-1,1,-1,-1,-1,-1,-1,-1,1,1,0,
8-5_prey-review-ps4-xbox-one-pc-arkane-studios-bethesda.txt,1,0,1,1,1,1,0,1,-1,-1,-1,-1,-1,-1,-1,1,-1,0,-1,1,-1,1,0,-1,-1,-1,-1,1,-1,1,1,-1,1,-1,-1,-1,-1,-1,-1,-1,-1,-1,0,1,-1,1,-1,1,0,-2,-1,-1,-1,-1,-1,-1,1,1,
8-5_push-me-pull-you-review-ps4.txt,1,0,0,-1,-1,-1,-1,1,-1,-1,-2,1,1,0,-1,-1,1,1,-1,-1,0,1,-1,-1,-1,-1,-1,1,-1,2,1,1,1,0,
8-5_quantum-break-review-xbox-one-pc.txt,-1,-1,1,0,-2,1,-1,1,-1,-1,-1,1,-2,-1,-1,1,1,1,1,0,1,1,0,1,-1,0,-1,1,-1,-1,1,0,-1,-1,-1,1,1,-1,-1,-1,-1,-1,0,-1,-1,0,0,-1,-1,-1,-1,-1,-1,-1,-1,-2,-1,-1,1,-1,1,1,-1,-1,0,
8-5_republique-remastered-review-pc-ios-android-mac.txt,-1,-1,-1,1,-1,1,-1,0,-1,0,-1,-1,1,1,-1,-1,1,-1,1,-1,-1,-1,-1,-1,2,-1,1,1,1,-1,1,0,
8-5_rise-of-the-tomb-raider-review-xbox-one-crystal-dynamics-square-enix.txt,-1,0,1,-1,1,-1,-1,-1,-1,-1,1,-1,-1,-1,1,-1,-1,-1,-1,-1,1,1,1,-1,-1,1,-2,1,-1,-1,0,-1,1,0,-1,1,-1,-1,-1,0,1,1,-1,-1,-1,-1,0,1,-1,-1,2,-2,1,1,-1,1,1,1,1,0,
8-5_shadow-tactics-blades-of-the-shogun-review-pc-windows.txt,0,-1,1,-1,-1,-1,-1,-1,-1,1,-1,-1,-1,1,1,-1,1,1,1,0,0,1,1,-1,1,0,1,1,-1,-1,1,1,1,2,-1,-1,-1,1,1,-1,-1,1,-1,-1,2,-1,-1,2,1,1,0,
8-5_shin-megami-tensei-devil-survivor-2-record-breaker-review-smt-persona.txt,1,-1,-1,-1,-1,-1,-1,-1,-1,-1,-1,-1,-1,-1,-1,-1,-2,1,1,-1,-1,-1,1,-1,-1,1,-1,1,1,1,-1,1,-1,-1,-1,1,1,-1,-1,1,-1,-1,-1,1,-1,0,-1,1,0,
8-5_sid-meiers-civilization-6-review-PC-mac-windows.txt,1,1,1,-1,0,-1,0,-1,1,1,-1,0,-1,1,-1,-1,-1,-1,-1,-1,-1,-1,-1,-1,-1,-1,-1,-1,-1,2,0,1,1,1,0,-1,-1,-1,1,-1,-1,-1,1,1,-1,0,-1,-1,-1,1,0,-1,0,-1,-1,-1,-1,-1,-1,-1,-1,-1,-1,-1,0,1,1,1,-1,-1,-1,1,0,1,-1,-1,-1,-1,-1,1,-1,-1,1,-1,-2,1,-1,-1,1,1,-1,1,1,1,-1,1,-1,0,-1,-1,-1,-1,1,-1,1,1,1,-1,-1,0,2,1,-1,-1,0,
8-5_skylanders-superchargers-review-xbox-one-PS4-wii-U.txt,-1,1,1,1,-1,1,0,0,-1,-1,-1,-1,1,0,-1,-1,-1,0,-1,-1,0,1,1,-1,0,2,-1,0,1,-1,-1,-1,1,1,-1,1,1,0,1,1,-1,1,-1,-1,-1,-1,-1,-1,-1,1,-1,2,1,1,-1,-1,-1,-1,-1,-1,-1,-1,-1,-1,-1,1,-1,-1,-1,-1,1,0,
8-5_splatoon-review-nintendo-wii-u.txt,-1,1,-1,1,-1,-1,-1,-1,-1,-1,2,-1,-1,1,-1,-1,-1,1,1,-1,-1,-1,-1,-1,-1,-1,1,-1,-1,-1,0,-1,-1,-1,1,-1,-1,0,-1,-1,1,-1,-1,-1,0,-1,0,-1,1,-1,-1,-1,0,-1,-1,-1,1,-1,1,-1,1,-1,1,-1,-1,-1,0,1,-1,-1,-1,-1,-1,-1,1,1,1,0,-1,-1,-1,
8-5_state-of-decay-review-city-on-the-hill.txt,-1,-1,1,0,-1,-1,-1,-1,-1,-1,-1,-1,-1,-1,-1,-1,-1,-1,-1,-1,-1,-1,-2,-1,2,-1,-1,1,-1,0,1,-1,1,-1,1,1,1,-1,-1,-1,-1,-1,-2,-1,-1,-1,0,-1,1,0,-1,-1,-1,-1,1,-1,0,1,-1,-1,1,-1,-1,-1,-1,-1,-1,-1,-1,-1,1,
8-5_tales-from-the-borderlands-episode-1-zer0-sum-review.txt,-1,1,-1,2,-1,1,1,-1,-1,-1,1,-1,-1,1,1,0,1,0,0,-1,-1,1,-1,-1,-1,-1,0,
8-5_tales-from-the-borderlands-episode-2-review-ps4-xbox-one-PC.txt,-1,-1,-1,-1,-1,0,1,1,1,-1,-1,2,2,-1,-1,-1,-1,1,1,1,1,-1,-1,-1,-1,1,1,1,0,-2,-1,1,-1,0,
8-5_the-talos-principle-review.txt,1,-1,-1,1,-1,-1,-1,1,1,-1,-1,-1,-1,-1,1,0,-1,1,1,-1,-1,-1,-1,-1,-1,-1,-1,-1,1,-1,-2,-1,1,0,1,1,-1,0,
8-5_uncharted-the-lost-legacy-review-ps4-playstation-4-naughty-dog.txt,1,-1,1,1,1,-1,0,1,-1,-1,-1,0,-1,-1,1,1,1,-1,-1,1,-1,-1,-1,-1,-1,-1,0,-1,-1,-1,-1,0,1,1,-1,-1,1,-1,1,1,1,-1,-1,1,-1,-1,1,1,1,1,2,1,0,-1,-1,0,1,1,1,
8-5_wilsons-heart-review.txt,-1,-1,-1,1,-1,1,-1,1,1,1,1,-1,-1,1,-1,-1,1,-1,0,-1,-1,1,-1,-1,1,-1,-1,1,-1,2,-1,-1,1,1,-1,1,-1,1,-1,1,-1,-1,-1,-1,1,0,-1,1,1,1,-1,-1,-1,0,1,0,0,1,2,1,1,2,
8_american-truck-simulator-review.txt,-1,-1,1,-1,-1,-1,-1,-1,0,1,-1,-1,-1,-1,1,1,0,-1,-1,-1,-2,1,1,1,-1,-1,-1,-2,-1,-1,-1,-1,-2,-1,1,-1,-1,-1,1,0,
8_arms-review-nintendo-switch.txt,2,-1,2,1,-1,2,1,1,-2,1,1,-1,1,0,-1,0,1,1,1,-1,1,-1,0,-1,0,-1,-1,-1,-1,-1,-1,-1,-1,1,-1,-1,1,1,-1,1,-1,-1,1,-1,-1,-1,-1,-1,0,-1,1,-1,-1,-1,0,-2,-1,-1,-1,-1,-1,-1,1,0,-1,1,
8_batman-the-enemy-within-review.txt,-1,0,0,2,-1,-1,1,1,0,-1,0,-1,-1,-1,-1,0,1,-1,0,1,0,-1,-1,0,0,-1,-1,-1,-1,0,1,-1,-1,-1,-1,-1,-1,-1,-1,1,-1,-1,
8_batman-the-telltale-series-review-pc-ps4-xbox-one.txt,1,2,-1,-1,-1,2,-1,-1,-1,-1,-1,1,1,-1,-1,1,1,-1,1,-1,1,-2,0,1,-1,-1,0,-1,1,1,-1,0,1,0,0,0,0,0,-1,0,-1,0,-1,-1,0,-1,-1,-1,-1,-1,1,-1,-1,0,-1,-1,-1,1,-1,-1,1,1,-1,-1,-1,-1,-1,0,-1,-1,-1,-1,1,1,-1,-1,1,1,-1,-1,-1,1,1,-1,0,-1,-1,-2,-1,-1,1,-1,-1,-1,-1,-1,-1,-1,-1,1,-1,-1,-1,-1,-2,-1,1,-1,-1,1,-1,1,-1,-1,1,0,-1,-1,1,0,-1,-1,-1,-1,-1,-1,1,-1,1,0,-1,-1,1,-1,1,-1,0,-1,1,-1,0,1,0,-1,-1,-1,
8_battle-chasers-nightwar-review.txt,-1,-1,-1,-1,1,2,2,1,1,1,-1,-1,-1,-1,1,-1,-1,-2,-1,1,1,-1,0,1,-1,-1,-1,-1,-1,-1,1,1,1,-1,1,-1,-1,-1,-1,-1,0,-1,-1,1,-1,-1,-1,-1,1,-1,-1,1,-1,1,0,1,2,-1,-1,-1,0,1,
8_broken-age-review.txt,0,-1,-1,1,0,0,0,-1,1,1,-1,1,-1,-1,-1,-1,-1,-1,-1,1,1,-1,-1,-1,-1,-1,1,1,0,1,1,-1,-1,1,1,-1,-1,-1,-1,-1,-1,2,1,-1,-1,1,1,0,1,-1,-1,1,-1,-1,-1,1,1,1,-1,-1,1,-1,1,-1,1,-2,
8_citizens-of-earth-review-pc-ps4-playstation-4-wii-u-vita-3ds.txt,1,-1,-1,-1,2,1,-1,-1,1,0,1,-1,-1,-1,2,-1,-1,0,0,0,1,1,1,1,-1,1,-1,-1,-1,1,1,-1,-1,1,0,-1,1,1,1,1,1,1,2,-1,2,1,2,2,0,
8_contradiction-review.txt,-1,-1,-1,-1,-1,-1,2,1,1,1,-1,-2,-1,1,-1,-1,1,-1,-1,-1,-1,1,-1,1,-1,1,0,
8_danganronpa-v3-killing-harmony-review.txt,-1,-1,-1,-1,1,-1,-1,1,1,0,1,0,1,-1,-1,-1,-2,-1,-1,-1,-1,-1,0,-1,-1,1,-1,-1,1,1,-1,-1,-1,1,-1,-1,-1,-1,-1,-1,-1,-2,-1,-1,1,1,1,1,-1,1,
8_dark-souls-3-ashes-of-ariandel-review-dlc-ps4-xbox-one-pc.txt,-1,0,1,-1,-1,1,-1,-1,0,-1,1,-1,-1,-1,0,1,-1,-1,-1,-1,1,1,-1,-1,-1,-1,-1,1,-1,-1,1,1,0,
8_darkest-dungeon-review-pc-mac.txt,0,0,-1,-1,-1,-2,0,1,-1,-1,0,-1,-1,-1,-1,-1,-1,1,1,-1,-2,1,-1,-1,1,-1,1,-1,0,2,0,-1,-1,1,0,1,-2,-2,-1,-1,-1,1,0,-1,0,-1,-1,-1,-1,0,-1,-1,-1,-1,1,0,
8_dead-rising-4-review-xbox-one-pc.txt,1,0,-1,-1,-1,-1,-1,-1,0,-1,-1,-1,-1,-1,-1,-1,1,1,-1,2,1,0,0,1,-1,-1,-1,0,-1,-1,-1,1,-2,-1,-1,0,-1,0,-1,-1,-1,-1,0,-1,0,-1,-1,-1,-1,-1,-1,-1,1,-1,-1,1,-1,1,-1,0,-1,0,-1,-1,-1,-1,0,
8_dishonored-death-of-the-outsider-review.txt,0,0,-1,-1,1,1,1,-1,1,0,1,0,1,-1,1,-1,1,-1,-1,-1,1,-1,1,-1,0,0,-1,-1,0,-1,1,-1,1,-1,1,0,0,-1,-1,-1,0,-1,-1,-1,-1,-1,-1,-1,1,-1,1,0,0,-1,-1,0,2,-1,1,1,
8_disney-infinity-3-0-review-ps4-playstation-4-xbox-one-wii-u.txt,0,-1,-1,-1,0,-1,-1,0,0,1,-1,1,-1,-1,0,1,0,0,-1,1,-1,0,-1,-1,-1,1,0,0,1,-1,-1,0,1,0,-1,-1,-1,0,1,1,-1,1,-1,0,0,0,-1,1,0,1,0,-1,-1,-1,-1,0,-1,-1,0,0,-1,-1,1,-1,-1,0,1,0,0,0,0,-1,0,1,-1,0,0,0,-1,0,1,-1,-1,1,-1,1,-1,-1,1,-1,1,1,1,0,1,-1,0,-1,1,0,1,1,-1,-1,2,0,0,1,-1,-1,1,0,-1,0,0,-1,1,1,-1,1,1,-1,0,-1,1,-1,-2,0,0,1,-1,1,0,1,2,-1,-1,
8_dmc-devil-may-cry-review-hell-to-pay.txt,-1,0,-1,-1,1,1,-1,-1,-1,-1,0,-1,-1,-1,-1,-1,-1,-1,1,-2,-1,-1,-1,-1,-2,-1,-1,1,-1,-1,-1,-1,1,-1,-1,-1,-1,-1,-1,-1,-1,0,1,-1,-1,-1,1,-1,-1,0,1,-1,-1,-1,0,-1,1,0,1,0,-1,1,-1,1,-1,1,-1,0,-1,-1,-1,-1,1,-1,
8_dragon-quest-7-review-3ds-fragments-forgotten-past-nintendo-square-enix.txt,2,-1,-1,0,-1,-1,-1,-1,-1,-1,0,1,-1,-1,-1,-1,1,-1,-1,-2,1,1,-1,0,-1,-1,2,1,-1,1,-2,-1,-1,1,-1,-1,-1,-1,1,-1,1,-1,0,
8_dragon-quest-heroes-review-world-trees-woes-blight-below-ps4-playstation-4.txt,-1,1,-1,-1,0,1,-1,1,0,-1,1,0,-1,0,1,1,-1,-1,-1,1,1,-1,-1,-1,1,1,1,-1,-1,-1,-1,-1,1,-1,1,-1,-1,-1,-1,1,-1,1,1,0,
8_dream-daddy-game-review.txt,1,-1,-1,-1,1,-1,-1,-1,0,1,-1,1,2,-1,1,-1,-1,-1,0,-1,1,-1,1,-1,-1,1,0,0,-1,0,-1,-1,1,1,-1,-1,1,1,-1,1,-1,1,-1,0,1,1,-1,1,-1,-1,-1,-1,-1,-1,-1,-1,1,-1,1,1,0,1,-1,-1,0,1,1,1,1,-1,-1,-1,1,-1,1,1,
8_dreamfall-chapters-book-1-reborn-review-pc-windows-mac.txt,0,-1,1,-1,1,-1,0,-1,-1,-1,-1,-1,-1,-1,-1,-1,1,-1,-1,-1,-1,1,-1,1,-1,1,1,-1,1,1,1,-1,-1,-1,-1,-1,-1,-1,-1,-1,0,1,0,1,0,
8_ea-sports-ufc-2-review-ps4-xbox-one.txt,-1,-1,1,-1,1,-1,-1,-1,-1,0,2,-1,-1,-1,-1,1,-1,-1,-1,-1,-2,1,1,1,1,-1,-1,-1,-2,-1,-1,-1,-1,-1,-1,-1,-1,-1,-1,-1,-1,-1,-1,0,-1,-1,-1,1,-1,1,-1,-1,-1,-1,-1,-1,-1,1,-1,1,0,
8_evolve-review-xbox-one-PS4-PC.txt,0,-1,-1,-1,0,-1,-1,1,-1,1,-2,0,-1,-1,1,-1,-1,0,-1,-1,-1,-1,-1,-1,-1,-2,-2,-1,-1,-2,1,1,1,1,-1,1,1,-1,1,-1,-1,-1,1,1,1,-1,1,-1,1,-1,0,-1,-1,-1,-1,-1,-1,-1,-1,1,1,-1,1,-1,-1,-1,-1,0,-1,-1,-1,-1,-1,-1,1,1,0,1,-1,-1,0,-1,
8_f1-2017-review.txt,-1,-1,-1,1,-1,-1,-1,-1,-1,-1,-1,1,-1,-1,-1,-1,-1,-1,-1,-1,-1,-1,-1,-1,-1,-1,-1,-1,-1,-1,1,0,-1,-1,-1,1,0,-1,-2,0,-1,1,-1,-1,-2,-2,-1,-1,-1,1,1,1,2,1,1,1,
8_final-fantasy-explorers-review-3ds-square-ff.txt,-1,-1,-1,-1,1,-1,-1,-1,1,-1,-1,-1,-1,-1,-1,0,-1,1,-1,-1,-1,1,0,-1,1,-1,-1,1,1,1,-1,-1,1,1,1,2,1,1,1,1,-1,-1,1,-1,1,1,-1,-1,-1,-1,1,0,
8_final-fantasy-type-0-hd-review-ps4-playstation-4-xbox-one.txt,0,-1,1,1,1,-1,-1,1,1,-1,-1,1,-1,-1,-1,-1,1,-1,2,1,-1,-1,-1,-1,1,1,-1,0,-2,-1,-1,-2,-2,-1,-1,-1,-1,-2,-1,-1,-2,-1,1,-1,-1,-1,-1,-1,1,-1,-1,-2,1,-1,-1,0,1,-1,-1,-1,-1,-1,-1,-1,0,1,-1,0,
8_fire-emblem-heroes-review-nintendo-mobile-ios-android.txt,-1,-1,-1,-1,1,-1,1,0,0,1,1,-1,-1,-1,-1,-1,1,1,0,-1,-1,1,-1,1,1,-1,-1,-1,0,0,-1,0,-1,-1,-1,-1,-1,-1,-1,-1,-2,1,-1,-1,-1,-1,-1,0,0,
8_for-honor-review-ps4-pc-xbox-one-playstation-4.txt,0,-1,-1,-1,-1,1,-1,1,-1,1,-1,1,-1,-1,1,-1,-1,-1,-1,-1,1,0,-1,-1,-1,1,-1,-1,-1,1,-1,-1,-1,-1,-1,-1,-1,0,-1,-1,-1,-1,-1,1,-1,1,-1,-2,-1,0,-1,-1,1,-1,-1,-1,1,1,0,-1,-1,-1,1,1,-1,-1,-1,-1,-1,-1,-1,-1,-1,-1,-1,-1,1,-1,-1,1,-1,-1,-1,1,-1,-1,1,0,
8_forza-motorsport-6-review-xbox-one.txt,-1,-1,-1,-1,-1,1,-1,-1,0,1,-1,-1,-1,-1,-1,-1,-1,1,-1,0,-1,1,-1,1,-1,0,0,-1,-1,1,1,-1,-1,-1,-1,-1,1,-1,-1,-1,-1,-2,0,1,-1,-1,1,-1,-1,-1,-1,-1,-1,-1,0,-1,-1,1,-1,1,-1,-1,-1,-1,-1,1,-1,-1,-1,-1,-1,-1,-1,-1,-1,0,-1,1,-1,-1,-1,0,
8_game-of-thrones-telltale-episode-4-review-sons-of-winter.txt,0,-1,1,-1,-1,1,-1,1,-1,1,-1,-1,0,0,0,-1,-1,-1,1,-1,-1,-1,-1,-1,-1,-1,-1,-1,2,-1,-1,-1,-1,-1,0,1,1,1,-1,1,1,1,1,0,
8_gears-of-war-ultimate-edition-xbox-one-review.txt,-1,0,0,-1,1,1,-1,1,1,-1,-2,1,-1,1,0,1,1,-1,-1,0,1,-1,-1,-1,-1,-1,0,-1,-1,-1,-1,-1,-1,0,-1,-1,-1,-1,-1,-1,-1,1,-1,-1,1,-1,-1,-1,-1,-1,-1,-1,-2,-1,-1,1,-1,-1,1,-2,-1,0,
8_geometry-wars-3-dimensions-review-xbox-one-PS4.txt,-1,1,-1,-1,-1,1,-1,-1,1,1,-1,-1,-1,1,-1,-1,1,1,-1,1,1,-1,1,-1,-1,-1,-1,-1,1,-1,-1,1,-1,-1,-1,-1,-1,1,1,1,-1,1,-1,-1,1,0,
8_gigantic-review-motiga-pc-steam-moba-free-to-play-f2p.txt,-1,-1,-1,1,-1,-1,-1,-1,-1,-1,1,-1,0,1,-1,1,1,1,0,-1,-1,-1,-1,-1,1,1,1,-1,2,-1,-1,1,-1,-1,1,-1,-1,-1,-1,-1,-1,1,-1,0,-1,-1,-1,-1,1,1,1,-1,-1,0,1,1,-1,1,-1,1,0,-1,1,1,
8_halo-the-master-chief-collection-review-xbox-one.txt,-1,-1,-1,-1,-1,1,1,-1,1,1,2,-1,1,-1,0,1,1,1,-1,-1,-1,-1,0,-1,-1,0,2,-1,2,1,1,-1,1,-1,-1,-1,-1,-1,-1,-1,-1,1,-1,1,-1,-1,-1,1,1,1,1,-1,-1,-1,-1,-1,-1,-1,-1,-1,-1,-1,-1,1,-1,0,-1,1,1,0,-1,-1,-1,-1,-1,
8_halo-wars-2-review-xbox-one-windows-10-play-anywhere.txt,-1,-1,-1,-1,-1,-1,1,-1,-1,-1,-1,-1,-1,-2,0,-1,-1,-1,-1,0,-1,-1,-1,-1,-2,-1,-1,1,-1,0,-1,-1,-1,-1,-1,-1,-1,-1,1,-1,-1,0,-1,-1,-2,-1,1,-1,-1,-1,1,1,-1,0,
8_headlander-review-PC-PS4.txt,-1,-1,0,-1,-1,1,-1,1,-1,1,-1,1,-1,-1,1,-1,1,1,-1,-1,-1,1,-1,1,-1,-1,-1,-1,-2,-1,-1,1,-1,-1,-1,1,-1,1,-1,-1,-1,1,1,-1,-2,-1,-1,1,-1,-1,-1,-1,-1,-1,-1,-1,-1,-2,1,1,0,
8_hearts-of-iron-4-review.txt,1,-1,1,-1,-1,-2,-1,-1,1,-1,-1,-1,-1,1,-1,0,0,0,-1,1,-1,1,-1,0,0,-1,-1,-1,-1,-1,-1,-1,-1,-1,-1,-2,1,-1,-1,1,-1,-1,-1,-1,-1,-1,0,1,-1,-1,-1,-1,0,
8_hitman-review.txt,0,-1,1,-1,-1,-1,-1,-1,1,-1,1,-1,-1,1,-1,-1,-1,-1,-1,-1,1,1,-1,-1,-1,0,1,0,-1,1,1,-1,-1,-1,-1,-1,-1,-1,-1,-1,-1,-1,1,-1,1,-1,1,-1,2,-1,1,1,-1,-1,-1,-1,-2,-1,-2,-1,-1,-1,-1,0,-1,-1,-1,-1,-1,-1,1,-1,1,-1,1,1,-1,-1,1,-1,1,1,-1,-1,-1,1,-1,-1,-2,-1,-1,1,1,-1,-1,-1,-1,-1,-1,-1,1,1,-1,-1,1,-2,-1,-1,1,-1,0,1,
8_hiveswap-review.txt,-1,-1,2,-1,-1,0,-1,-1,1,-1,-1,-1,1,0,1,1,-1,-1,-1,1,-1,-1,-1,-1,1,-1,0,1,1,-1,-1,-1,-1,1,1,-1,1,-1,-1,-1,-1,1,-2,-1,1,0,1,-1,2,-1,-1,-1,-1,1,1,0,1,1,1,
8_kingsway-review.txt,1,1,-1,-1,-1,-1,-1,0,1,0,-1,-1,-1,-1,-2,-1,1,1,-1,1,1,-1,-1,-1,-1,-1,-1,-1,-1,-1,1,-1,-1,-1,-1,-1,-1,0,0,0,0,-1,0,1,1,-1,-2,1,1,0,-1,-1,1,-1,1,-1,
8_kirby-planet-robobot-review.txt,0,0,1,1,1,0,1,0,1,1,-1,-1,-1,-1,-1,-1,-1,-1,-1,1,-1,1,-1,1,-1,1,-1,-1,-1,-1,-1,-1,1,-1,-1,-1,-1,-1,-1,-2,-1,-1,-1,2,0,
8_lego-dimensions-review-xbox-one-ps4-wii-u.txt,-1,0,0,-1,1,-1,0,-2,1,-1,-1,-1,-1,0,0,-1,-1,1,-1,-1,0,-1,1,-1,-1,1,-1,-1,1,1,1,1,0,-1,-1,0,-1,-1,-1,-1,1,-1,1,1,1,-1,-1,1,-1,1,1,-1,-1,1,0,0,1,-1,1,1,-1,-1,-1,-1,1,-1,1,-1,1,1,-1,1,-1,-1,-1,0,0,-1,1,2,1,1,0,
8_life-is-strange-before-the-storm-review.txt,-1,0,1,-1,-1,1,-1,1,-1,-1,-1,0,-1,1,-1,-1,-1,-1,1,0,0,1,1,1,-1,-1,-1,1,2,-2,1,1,-1,-1,
8_life-is-strange-review-xbox-one-ps4-360-ps3-PC-episode-one.txt,1,1,-1,-1,-1,-1,1,-1,1,-1,0,-1,1,1,-2,-1,1,0,-1,-1,-1,-1,1,-1,-1,1,1,-1,-1,-1,0,-1,1,-1,-1,0,0,0,-1,-1,1,-1,-1,1,-1,-1,0,1,0,-1,0,0,-1,-1,0,-1,-1,0,-1,-1,0,0,-1,-1,-1,-1,-1,-1,0,0,-1,1,1,-1,0,0,1,-1,1,0,-1,-1,-1,1,-1,-1,1,-1,-1,-1,-1,1,-1,1,0,1,-1,1,-1,-1,-1,-1,1,0,1,1,0,1,-1,2,1,1,1,1,-1,0,
8_lovers-in-a-dangerous-spacetime-review-xbox-one-PC.txt,1,1,2,0,1,1,-1,-2,-1,-1,-1,-1,-1,-1,1,-1,-1,2,-1,-1,-1,-1,-1,-1,1,-1,-1,0,-1,-1,-1,-1,-1,1,-1,0,0,
8_madden-nfl-18-review-ea-sports-electronic-arts.txt,-1,-1,0,-1,-1,-1,0,0,-1,0,-1,-1,1,-1,-1,-1,-1,-1,1,-1,-1,1,-1,-1,1,-1,-1,-1,1,-1,-1,-1,0,-1,-1,-1,-1,-1,-1,-1,-1,0,-1,-1,-1,-1,-1,-1,-1,-1,-1,-1,-2,-1,-1,-1,-1,0,-1,1,-1,-1,-1,-1,-1,0,-1,1,1,
8_mario-and-luigi-superstar-saga-plus-bowsers-minions-review.txt,-1,1,-1,1,1,-1,-1,1,-1,2,-1,1,-1,1,-1,-1,-1,1,1,-1,-1,-1,1,-1,-1,-1,-1,-1,-1,-1,0,-1,-1,-1,-1,-2,-1,-1,-1,-1,-1,0,-1,-1,-1,1,-1,
8_mario-rabbids-kingdom-battle-review-nintendo-switch-ubisoft.txt,-1,-1,0,1,1,-1,-1,-1,-1,0,1,-1,-1,1,-1,0,-1,-1,-1,-2,-1,1,2,0,-1,-1,-1,-1,-1,1,-1,-1,-1,0,-1,-1,-1,-1,-1,-1,1,-1,-1,1,-1,1,
8_marvels-guardians-of-the-galaxy-a-telltale-series-review.txt,1,0,1,-1,-1,1,-1,0,1,1,-1,-1,-1,1,-1,-1,-1,1,-1,-1,-1,-1,-1,-1,-1,1,1,1,-1,-1,-1,1,-1,1,-1,-1,-1,
8_miitopia-review-nintendo-3ds.txt,1,0,-1,-1,1,-1,1,-1,1,-1,-2,1,1,-1,1,-1,-1,-1,-2,-1,-1,1,1,-1,-1,-1,1,-1,1,-1,-1,-1,0,1,-1,-1,-1,-1,-1,-1,-1,-1,-1,-1,-1,-1,1,1,1,-1,-1,-1,-1,-1,
8_minecraft-story-mode-review.txt,1,1,-1,0,1,1,1,-1,-1,1,-1,-1,-1,-1,-1,-1,-1,1,-1,-2,1,1,-1,1,2,-1,1,1,1,-1,1,0,0,
8_mirrors-edge-catalyst-review-xbox-one-ps4-playstation-4-pc-windows-ea-dice.txt,0,-1,1,1,-1,-1,1,1,-1,1,-1,1,1,-1,-1,-1,-1,-1,1,1,1,-1,1,0,-1,1,1,-1,-1,0,1,1,-1,-1,1,-1,-1,-1,1,-1,-1,-1,0,1,-1,-1,-1,-1,-1,-1,0,-1,-1,-2,-1,-1,1,-1,-1,0,-1,-1,1,1,1,0,1,-1,
8_mlb-16-review-the-show-ps4-playstation-4.txt,-1,-1,0,-1,-1,1,-1,1,1,-1,-1,-2,-1,-1,1,-1,-1,1,1,-1,1,-1,-1,0,-1,-1,-1,-1,-1,1,-1,-1,-1,1,-1,-1,-1,0,0,-1,-1,-1,-1,1,-1,-1,-1,1,-1,1,-1,-1,-1,-1,-1,-1,1,-1,2,-1,-1,-1,-1,-2,-1,1,-1,-1,-1,1,-1,-1,1,1,0,
8_mlb-the-show-17-review-ps4.txt,-1,0,-1,-1,0,1,1,-1,-1,-1,-1,-1,-1,-1,-1,-1,-1,1,-1,-1,1,-1,-2,-1,-1,1,1,-1,2,-2,1,-1,-1,-1,-1,1,-1,-1,-1,-1,-1,-1,1,-1,0,1,0,-1,-1,-1,-1,1,-1,-1,-1,-1,-1,0,1,-1,0,-1,-1,-1,-1,-1,-1,-1,-1,-2,-1,-1,0,-1,-1,0,-1,1,1,-1,-1,-1,-1,2,-1,-1,1,-1,1,1,1,1,
8_monument-valley-2-review-ios-ipad-iphone.txt,0,-1,1,-1,-1,1,1,0,-1,1,-1,-1,-1,-1,-1,-1,-1,1,1,-1,1,-1,-1,1,0,-1,0,0,0,0,-1,1,-1,-1,1,-1,1,-1,0,1,1,-1,-1,0,-1,-1,-1,1,-1,-1,-1,-1,-1,1,1,0,-1,
8_nba-2k17-review-ps4-xbox-one.txt,1,-1,-1,-1,1,1,-1,-1,-1,-1,-1,1,1,1,0,0,-1,0,1,-1,-1,-1,-1,1,-1,-1,-1,0,-1,-1,-1,-1,-1,-1,1,-1,-1,-1,1,1,-1,0,-1,-1,-2,-1,-1,1,-1,1,-1,1,-1,-1,-1,-1,1,-1,0,
8_nier-automata-review-ps4-playstation-4-windows-pc-square-enix-yoko-taro-platinum-games.txt,-1,-1,-1,-1,-1,-1,-1,-1,0,-1,-1,-1,-1,-1,-1,-1,-1,-1,-1,0,-2,-1,-2,-1,-1,-1,-1,0,1,-1,-1,1,0,-1,-1,-1,-1,0,1,-1,1,-1,-2,-1,-1,1,1,0,-1,-1,-1,-1,-1,-2,-1,-1,-1,1,-1,
8_nioh-review-ps4-playstation-4-team-ninja-sony-koei-tecmo.txt,1,-1,-1,1,-1,-1,-1,-1,-1,1,-1,-1,1,-1,-1,1,-1,1,-1,-1,-1,-1,1,-1,-1,-1,0,1,0,-1,2,1,-1,-1,1,-1,1,1,-1,1,-1,1,-1,-1,-1,1,-1,-1,0,-1,-1,-1,-1,-1,-1,-2,-1,-1,0,1,-1,-1,-1,-1,1,-1,0,-1,-1,-1,0,1,-1,-1,-1,0,-1,-1,-1,-1,1,-1,0,-1,-1,-1,-1,-1,1,-1,0,-1,1,-1,-1,1,-1,0,-1,-1,-1,-1,-1,-1,-1,-1,-1,-1,-1,-1,1,1,-1,-1,1,1,-1,1,-1,-1,-1,1,-1,-1,-1,0,0,
8_old-mans-journey-review-ios-android-pc.txt,1,1,-1,-1,-1,-1,1,-1,1,0,0,-1,-1,-1,-1,1,1,1,0,-1,0,-1,-1,1,1,1,1,1,1,1,2,1,1,-1,-1,-1,-1,2,
8_overwatch-review.txt,-1,-1,1,0,0,-1,-1,-1,-1,-1,1,-1,-1,-1,-1,-1,1,1,0,-1,-1,2,1,-1,-1,1,1,-1,-1,-1,-1,-1,-1,-1,1,-1,-1,-1,-2,-1,-1,-1,-1,-1,-1,-1,-1,-1,-1,-1,1,1,0,1,1,1,-1,-1,0,-1,-1,-1,-1,-1,-1,0,0,-1,-1,-1,-1,-1,-1,-1,-1,-1,-1,-2,-1,-1,0,1,1,-1,2,0,
8_owlboy-review-PC-windows.txt,-1,-2,-1,0,1,-1,-1,-1,-1,-1,-1,1,0,-1,1,-1,-1,1,-1,-2,-1,-1,1,-1,-2,0,-1,-1,0,1,-1,1,1,0,-1,2,-1,-1,0,
8_plants-vs-zombies-garden-warfare-2-review-xbox-one-PS4-PC.txt,-1,-1,0,-1,-1,1,1,-1,-1,-1,-1,1,-1,1,-1,-1,-1,-1,1,1,1,-1,-1,-1,-1,2,-1,0,1,1,-2,-1,1,-1,-1,-1,-1,-1,-1,-1,-1,1,-1,-1,-1,-1,-1,-1,-1,-1,1,-2,-1,-1,-1,-1,-1,-1,1,-1,-1,-1,-1,-1,1,1,-1,-1,1,0,-1,0,0,-1,
8_pokemon-omega-ruby-pokemon-alpha-sapphire-review-3DS.txt,-1,1,-1,1,-1,-1,1,-1,-1,2,-1,-1,1,1,-1,-1,-1,-1,1,-1,-1,-1,-1,2,1,0,
8_pro-evolution-soccer-2015-review-ps4-xbox-one.txt,1,0,-1,1,-1,-1,-1,-1,2,-1,-1,-1,-1,1,-1,-1,-1,-1,-1,-1,1,-1,1,1,-1,-2,-2,-1,-1,-1,-1,1,-1,-1,0,-2,-1,1,-1,1,0,-1,
8_quadrilateral-cowboy-review-PC-blendo.txt,-1,-1,1,-1,-1,2,0,-1,-1,1,-1,1,-1,-1,1,-1,-1,-1,1,-1,-1,0,-1,0,-1,1,-1,0,-1,0,-1,-1,-2,-1,1,-1,1,-1,0,0,2,1,-1,-1,1,0,
8_rare-replay-review-xbox-one-banjo-kazooie-perfect-dark-battletoads-killer-instinct-blast-corps.txt,1,1,0,1,-1,1,0,-1,-1,0,1,-1,-1,-1,-1,-1,-1,-1,1,-1,1,-1,0,-1,-1,-1,-1,-2,-1,1,1,1,0,
8_ratchet-and-clank-2016-review-ps4-playstation-4-insomniac-sony.txt,-1,-1,0,0,1,-1,1,-1,1,1,-1,-1,-1,1,-1,2,1,-1,-1,-1,-1,-1,-1,-1,-1,1,2,1,1,-1,1,-1,-1,-1,-1,1,1,0,-1,1,-1,1,-1,-1,1,-1,-1,0,-1,-2,1,0,
8_resident-evil-revelations-2-review-xbox-one-ps4-playstation-4-pc.txt,1,1,1,-1,-1,0,-1,-1,-1,-1,-1,1,-1,1,-1,-1,-1,-1,1,1,1,-1,-1,-1,-1,-1,1,-1,1,-1,0,-1,-1,-1,0,0,0,0,-1,-1,0,-1,-1,0,-1,-1,-1,-1,-1,-1,-1,-1,1,-1,-1,-1,-1,-1,1,1,0,-1,-1,-1,1,1,0,
8_samurai-warriors-spirit-of-sanada-review.txt,-1,1,1,-1,-1,-1,-1,1,1,2,-1,1,-1,-1,0,1,-1,1,1,1,1,-1,1,1,1,1,0,-1,-1,-1,1,-1,-1,-1,1,-1,1,-1,-1,-1,0,1,-1,-1,1,-1,-1,-1,-1,0,-1,-1,-1,-1,1,2,0,
8_screamride-review-xbox-one.txt,-1,1,1,-1,-1,-1,1,-1,-1,1,0,-2,0,-1,0,1,1,1,-1,0,1,1,-1,-1,0,-1,-1,1,2,-1,1,-1,1,-1,-1,2,-1,-1,1,-1,1,-1,-1,-1,1,-1,-1,-1,-1,1,-1,1,-1,1,1,0,
8_splatoon-2-review.txt,-1,2,1,-1,-1,-1,-1,-1,-1,-1,0,1,-1,-1,-1,1,0,1,-1,1,-1,0,-1,-1,-2,-1,-1,-1,1,1,-1,-1,-1,1,1,-1,-1,0,0,1,0,1,-1,1,-1,-1,-1,1,-1,-1,-1,-1,0,-1,-1,1,-1,-1,1,1,
8_star-wars-battlefront-review-xbox-one-playstation-4-PC.txt,-1,-1,1,-1,-1,-1,-1,-1,-1,-1,0,-1,1,1,-1,0,-1,-1,-1,-1,-1,-1,-1,-1,1,-1,-1,1,-1,-1,-1,-1,-1,0,-1,-1,-1,0,1,-1,0,-1,-2,-1,-1,1,2,-1,-1,-1,-1,1,1,0,2,-1,-1,1,1,-1,-1,-1,1,-1,-1,1,1,-1,0,
8_steep-review-ps4-xbox-one-pc.txt,-1,1,1,1,1,-1,-1,1,-1,-2,-1,-1,-1,1,1,-2,-1,-1,-1,-1,-1,1,-1,-1,-1,1,-1,1,-1,-1,-1,-1,-1,-1,-1,1,-1,0,1,1,1,1,-1,0,1,1,-1,-1,-1,1,-1,-1,-1,0,1,1,-1,-1,1,1,-1,-1,-1,-1,-1,-1,-1,-1,1,0,
8_tekken-7-review-pc-ps4-xbox-one.txt,-1,-1,1,0,1,0,-1,-1,1,1,1,-1,1,0,-1,-1,-1,-1,1,-1,-1,-1,1,1,-1,1,-1,1,1,-1,1,-1,-1,-1,-1,1,1,
8_tembo-the-badass-elephant-review-sega-ps4-playstation-4-xbox-one-pc-windows.txt,0,-1,-1,2,-1,-1,0,-1,-1,-1,-1,1,2,0,-1,-1,-1,-1,-1,2,-1,1,-1,-1,1,-1,-1,-1,-1,-1,-1,-2,1,1,0,-1,-1,-1,-1,-1,-1,-1,-2,-1,0,
8_the-banner-saga-2-review-pc-steam.txt,0,-1,-1,-1,-1,1,-1,-1,-1,-1,-1,-1,-1,-1,-1,1,-1,-1,1,0,-1,-1,-1,-1,0,-1,-1,1,1,-1,1,-1,-1,-1,0,-1,-1,-1,-1,-1,-1,-1,-2,-1,-1,-1,-1,-1,0,1,0,-1,1,-1,0,
8_the-legend-of-zelda-twilight-princess-hd-review.txt,-1,1,1,1,0,-1,-1,-1,-1,-1,1,-1,-1,1,-1,1,-1,-1,-1,-1,-1,-2,-1,1,1,-1,-1,-1,-1,-2,1,-1,-1,-1,-1,-1,1,1,1,-1,-1,-1,-2,-1,-1,1,-1,-1,-1,-1,-1,-1,-1,0,-1,0,
8_the-surge-review.txt,0,0,-1,1,1,-1,-1,1,-1,-1,-1,0,-1,1,1,-1,-1,-1,1,-1,0,0,-1,-1,1,-1,-1,1,-1,1,1,-1,-1,-1,-1,-1,1,-1,2,2,-1,-1,-1,1,-1,-1,-1,-1,0,-1,-1,-1,-1,
8_the-witcher-3-review-wild-hunt-PC-PS4-Xbox-one.txt,1,-1,1,-1,1,-1,-1,1,1,1,1,-1,-1,-1,1,1,-1,0,-2,1,0,-1,-1,1,-1,-1,-1,-1,-1,1,-1,-1,-1,1,-1,1,-1,-1,-1,-2,-2,-1,-1,-1,-1,1,-1,1,-1,-1,2,-1,-1,-1,-2,0,-1,-1,0,-1,-1,-1,-1,-1,-1,1,2,-1,-2,0,-1,-1,0,-1,0,-1,-1,-1,-1,
8_the-witness-review-PC-PS4.txt,0,-1,0,1,1,-1,-1,-1,0,-1,-1,-1,0,-1,0,1,-1,-1,0,1,0,-1,1,-1,-1,0,-1,-1,1,0,-1,-1,1,0,2,-1,-1,-1,-1,-1,0,-1,-1,-1,-1,-1,-1,-1,1,0,1,-1,-1,-1,-1,1,-1,1,-1,-1,1,-1,-1,-1,-1,1,-1,1,-1,1,1,-1,-1,0,
8_thimbleweed-park-review-ron-gilbert-windows-pc-steam-xbox-one-play-anywhere.txt,-1,-1,1,-1,1,-1,1,1,1,-1,1,-1,-1,-2,-1,1,-1,-1,-1,-1,-2,-1,1,-1,-1,-1,-1,0,-1,-1,-1,-1,-1,0,-1,-1,1,-1,-1,-1,-1,1,0,-1,-1,-1,0,1,-1,
8_torment-tides-of-numenera-review.txt,-1,1,0,0,-1,0,-1,0,1,-1,1,1,-1,-1,0,0,1,-1,1,0,1,-1,-1,-1,-1,-1,-1,1,-1,1,-1,-1,1,1,-1,-1,0,-1,-1,-1,-1,-1,-1,-1,-1,-1,-1,-1,-1,-1,-1,-1,-1,-1,-1,-1,-1,1,1,
8_total-war-attila-review-PC.txt,-1,-1,0,-1,-1,2,-1,-1,-1,-1,1,-1,1,-1,1,-1,1,1,0,-1,-1,-1,1,-1,-1,-1,1,-1,-1,1,1,-1,1,-1,-1,-1,-1,-1,1,-1,1,-1,1,-1,-1,-1,-1,1,-1,-1,1,-1,1,-1,1,0,-1,1,1,1,1,1,-1,-2,-1,1,1,-1,-1,1,1,0,-1,-1,-2,-1,-1,1,-1,-1,2,1,1,2,-1,0,
8_total-war-warhammer-2-review-pc.txt,0,1,0,1,1,-1,-1,-1,0,0,-1,1,1,-1,-1,-1,-1,1,-1,1,1,-1,-1,-1,-1,-1,1,2,-1,-1,-1,-1,-1,1,-1,-1,-1,-1,-1,1,-1,-1,1,1,1,-1,-1,-1,-1,1,1,1,1,-1,-1,2,-1,1,2,-1,1,1,1,
8_warhammer-40000-dawn-of-war-3-review.txt,-1,-1,1,-1,-1,1,-1,-1,-1,-1,-1,1,-1,-1,-1,-1,-1,-1,1,-1,-1,1,0,-1,-1,1,-1,-1,-1,-1,0,-1,0,-1,-1,0,2,1,-1,-1,1,1,1,-1,-1,-1,-1,-1,-1,1,-1,-1,-1,-1,-1,1,-1,1,-1,-1,-1,-1,-1,-1,-1,0,1,0,-1,1,-1,-1,1,1,1,-1,-1,-1,-1,-1,-1,-1,-1,-1,0,-1,1,1,-1,-1,1,0,1,-1,1,-1,-1,-1,-1,-1,-1,1,0,
8_watch-dogs-2-review-playstation-4-ps4-xbox-one-pc-windows-ubisoft.txt,0,-1,-1,-1,0,0,-1,-1,1,-1,-1,0,1,-1,-1,-1,-1,1,-1,-1,-1,-1,-1,1,-1,1,-1,1,1,1,1,-1,0,1,0,-1,1,-1,-1,1,-1,-1,-1,-1,-1,-1,0,-1,1,-1,1,-1,1,1,-1,0,-1,0,1,0,-1,1,1,-1,-1,-1,-1,-1,-1,-1,-2,0,1,-1,-1,-1,-1,1,-1,2,1,-1,0,-1,-1,-1,
8_xenoblade-chronicles-3d-review-hard-knock-life.txt,-1,-1,-1,-1,-1,2,-1,-1,-1,-1,-1,1,1,0,1,-1,-1,1,1,-1,1,1,0,0,-1,-2,-1,-1,1,-1,-1,-1,-1,-1,-1,0,1,-1,-1,1,1,0,-1,-1,1,-1,-1,1,0,-1,-1,-1,2,-1,1,0,
8_yakuza-0-review-ps4-playstation-4-sega-atlus.txt,-1,-1,-1,-1,-1,1,-1,-1,-1,-1,0,1,1,1,1,-1,-1,-1,-1,0,1,-1,-1,0,-1,-1,-1,1,-1,1,-1,-1,2,0,-1,-1,0,-1,0,-1,-1,-1,-1,-1,-1,-1,1,-1,-1,-1,-1,-1,1,1,1,-1,1,1,1,-1,1,1,-1,-1,1,-1,1,1,-1,0,
8_zero-escape-zero-time-dilemma-review.txt,1,1,-1,1,1,-1,-1,-1,-1,0,0,-1,0,0,0,-1,-1,-1,1,-1,0,-1,-1,-1,-1,1,0,-1,-2,-1,-1,-1,-1,-1,1,-1,-1,-2,1,-1,-1,1,1,-1,0,
9-5_dragon-age-inquisition-review-ps4-xbox-one-playstation-4-pc.txt,0,-1,1,0,1,-1,1,0,-1,1,0,0,-1,1,1,1,-1,-1,-2,-1,-1,0,-2,-1,-1,-1,-1,0,-1,-1,-1,-1,1,-1,-1,-1,1,1,1,-1,1,0,-1,-1,1,1,-1,-1,-1,-1,-1,-1,1,-1,-2,-1,-1,-1,-1,-1,1,1,-1,-1,1,-1,-1,0,
9-5_fallout-4-review-xbox-one-PS4-PC.txt,-1,-1,0,-1,-1,-1,-1,-1,1,-1,-1,-1,-1,-1,1,0,-1,1,-1,1,-1,-1,-1,-1,-1,-1,-1,1,-1,-1,-1,-1,-1,0,-1,1,-1,-1,-1,-1,-1,0,0,-1,-1,0,-1,-1,-1,-1,1,-1,-1,-1,-1,-1,-1,-1,0,-2,1,-2,-1,-1,-1,1,1,-2,1,-1,1,-1,1,-1,0,-1,1,-1,1,-1,-1,-1,-1,2,0,1,-1,-1,-1,-1,1,1,-1,0,-1,-1,0,0,-1,1,-1,-1,
9-5_horizon-zero-dawn-review-ps4-playstation-4-sony-guerrilla-games.txt,-1,-2,0,0,0,0,1,-1,0,-1,-1,-1,-1,-1,-1,1,-1,0,1,-1,1,-1,1,1,1,-1,1,-1,-1,1,-1,-2,-2,-1,1,-1,-1,0,-1,1,-1,-1,1,1,0,-1,1,-1,-1,0,0,-1,-1,-1,-1,0,-1,1,1,-1,1,0,
9-5_inside-review.txt,1,0,2,2,2,1,-1,-1,-1,-1,1,-1,1,1,-1,-1,0,-1,0,1,-1,0,-1,1,1,-1,-1,-1,-1,-1,1,-1,1,-1,1,0,2,1,-1,-1,-1,1,1,1,-1,0,1,1,2,1,-1,-1,1,-1,-1,1,-1,-1,1,1,0,
9-5_rakuen-review.txt,-1,1,1,-1,-1,-1,-1,-1,1,-1,-1,0,-1,-1,1,-1,-1,1,1,1,2,1,-1,0,1,-1,1,-1,-1,-1,0,0,-1,0,0,-1,-1,1,-1,-1,0,1,1,1,-1,2,
9-5_super-mario-maker-review-nintendo-wii-u.txt,1,-1,1,-1,-1,-1,0,-1,-1,-1,-1,-1,-1,1,-1,1,-1,-1,-1,-1,-1,2,1,1,1,-1,1,-1,-1,-1,1,-1,-1,0,-1,-1,-1,1,-1,1,-1,1,0,-1,0,
9-5_super-smash-bros-for-wii-u-review-crazy-eights.txt,0,1,1,1,-1,-1,-1,-1,2,0,-1,0,-1,2,-1,-1,-1,0,1,0,0,1,1,-1,-1,0,0,-1,-2,1,-1,-1,1,2,1,-1,-1,0,1,-1,1,-1,-1,-1,1,-1,-1,1,-2,0,
9-5_tokyo-mirage-sessions-fe-review-nintendo-atlus-wii-u-fire-emblem-shin-megami-tensei.txt,-1,1,1,-1,-1,-1,-1,0,-1,1,-1,-1,-1,1,-1,-1,-1,-1,-1,-1,-1,-1,1,-1,1,-1,-1,-1,-1,1,-1,0,-1,1,-1,1,1,-1,2,-1,-1,-1,-1,-1,1,1,-1,1,-1,1,1,-1,1,-1,-1,-1,-1,-1,-1,-1,0,-1,-1,1,-1,0,
9-5_world-of-warcraft-legion-review-wow-expansion.txt,0,0,-1,1,1,-1,-2,-1,1,-1,1,-1,1,-1,1,1,-1,1,1,1,-1,-1,1,-1,-1,-1,1,1,-1,-1,1,-1,1,1,-1,-2,-1,-1,1,-1,-1,-1,-1,1,1,-1,-1,-1,-1,-1,-1,-1,-1,-1,-1,2,-1,1,1,-1,0,
9-5_world-of-warcraft-warlords-draenor-review-pc-mac-mmo.txt,-1,-1,1,1,-1,1,-1,1,1,-1,-1,-1,-1,-1,-1,1,-1,-1,0,1,-1,-1,-1,1,-1,-1,-1,-1,0,-1,-1,1,-1,-1,-1,-1,-1,-1,1,-1,0,-1,-1,-1,-1,1,-1,-1,-1,1,0,
9-5_xcom-2-war-of-the-chosen-review.txt,-1,0,1,-1,-1,-1,-1,0,-1,0,-1,-1,-1,1,2,1,-1,-1,-1,0,1,-1,1,-1,-1,-1,0,-1,-1,-1,-1,0,2,-1,-1,-1,-1,-1,1,1,-1,0,-1,1,1,-1,-1,-1,-1,-1,-1,1,-1,1,-1,1,-1,-1,1,-1,-1,-1,-1,-1,1,1,-1,1,-1,-1,1,1,-1,1,-1,1,-1,1,1,1,1,-1,1,
9-5_ys-8-viii-lacrimosa-of-dana-review.txt,-1,-1,0,0,0,-1,1,-1,1,0,-1,-1,0,0,-1,-1,-1,-1,-1,1,-1,1,-1,2,1,-1,-1,-1,1,-1,-1,-1,1,1,1,-1,2,1,-1,-1,1,-1,1,-1,-1,-1,-1,-1,-1,1,-1,
9_battlefield-1-review-xbox-one-ps4-playstation-4-pc-windows.txt,0,-1,-1,-1,-1,-1,0,1,-1,1,0,-1,1,1,-1,1,-1,0,-1,-1,2,0,-1,-1,-1,-1,-1,0,1,-1,-1,-2,-1,-1,1,-1,-1,-1,-1,-1,-1,-1,0,-1,-1,-1,1,-1,-1,-1,1,-1,-1,-1,-1,-1,1,1,1,-1,-1,1,0,1,-1,-1,-1,-1,1,-1,-1,-1,-2,-1,-1,-1,-1,1,-1,-1,-1,0,-1,1,1,2,-1,
9_bloodborne-review-PS4-playstation-4-exclusive.txt,0,-1,-1,-1,-1,-1,1,-1,-1,-1,1,-1,-1,-1,-1,-2,-1,-1,1,-1,1,0,-1,-1,0,-1,0,1,1,-1,-1,1,1,-1,-1,-1,-1,1,1,-1,1,1,-1,2,1,-1,-1,0,-1,-1,0,0,-1,-1,-1,1,1,1,-1,-1,-1,-1,-1,1,-1,1,-1,-1,-1,-1,-1,0,1,0,
9_call-of-duty-advanced-warfare-review-xbox-one.txt,-1,-1,-1,-1,1,-1,-1,-1,1,-1,-1,1,-1,-1,1,1,1,-2,1,-1,-1,-1,-1,-1,-1,-2,-1,-1,-1,1,1,-1,1,1,-1,1,0,0,-1,-1,1,1,-1,-1,1,1,1,-1,0,-1,0,-1,0,-1,1,-1,0,1,-1,-1,0,-1,1,-1,-1,1,1,-1,1,1,-1,-1,-1,0,1,-1,-1,-1,-1,1,1,-1,0,
9_civilization-beyond-earth-review-pc.txt,2,-1,-1,1,1,1,1,-1,-1,-1,-1,-1,-1,1,-1,1,-1,-1,-1,-1,-1,0,1,-1,1,-1,-1,-1,1,-1,1,-1,-1,1,1,-1,-1,1,-1,-1,1,2,1,1,-1,-1,-1,-1,-1,1,-1,1,1,-1,1,-1,-1,-1,0,-1,-1,-1,-1,-1,1,-1,2,0,
9_dark-souls-2-review.txt,-1,-1,1,-2,-1,-1,2,1,-1,1,-1,-1,1,1,1,-2,1,1,-1,0,-1,1,-1,-1,-1,-1,-1,1,1,-1,-1,1,-1,-1,-1,1,-1,-1,-1,0,-1,-1,-1,1,1,-1,0,1,1,1,-1,-1,1,-1,1,-2,-1,-1,-1,-1,-1,-1,-1,-1,-1,1,0,0,0,-1,1,-1,-1,-1,-1,1,-1,-1,-1,-1,1,-1,0,-1,1,
9_dead-cells-review.txt,0,1,-1,0,0,-1,1,1,-1,-1,-1,-1,-2,-1,-1,1,-1,-1,-1,-1,1,-1,0,0,-1,-1,-1,-1,-1,-1,0,0,1,-1,-1,2,1,-1,1,0,-1,-1,-1,-1,-1,1,
9_destiny-2-review.txt,-1,1,-2,0,-1,-1,-1,-1,-1,-2,-1,-1,-1,-1,-1,0,-1,1,1,-1,-1,-1,1,1,-1,-1,1,-1,-1,1,-1,-1,-1,-1,1,-1,-1,-1,-1,-1,-1,1,-1,-1,-1,1,-1,1,-1,-1,-1,-1,-1,1,0,1,-1,0,-1,-1,-1,-1,-1,1,-1,-1,1,-1,2,-1,-1,-1,0,-1,-1,-1,0,-1,-1,1,1,-1,-1,-1,-1,-1,-1,-1,1,0,-1,1,-1,1,-1,-1,-1,1,-2,1,-1,-1,1,2,-1,1,-1,0,-1,-1,-1,-1,-1,-1,-1,1,-1,-1,-1,-1,1,0,-1,1,-1,-1,1,1,-1,-1,-1,-1,-1,1,-1,1,-1,1,-1,-1,1,-1,-1,-1,0,1,-1,0,-1,-1,-1,-1,1,-1,1,-1,1,2,
9_dirt-4-review-xbox-one-ps4-pc.txt,1,1,1,2,-1,-1,-1,-1,-1,-1,-1,-1,2,1,-1,-1,1,-1,-1,1,1,-1,-2,-1,-1,-1,-1,1,-1,-1,-1,-1,-1,-2,-1,0,0,0,-1,0,-1,0,0,-1,-1,1,-1,1,-1,-1,-1,1,-1,-2,-1,1,-1,1,
9_duskers-review.txt,-1,1,-1,-1,-2,-1,-1,0,-1,-1,1,0,-1,-1,-1,-1,-1,-1,1,-1,-2,1,1,-1,-1,1,1,-1,-1,-1,-1,-1,0,-1,-1,-1,-1,-1,1,-1,-1,-1,-1,-1,1,1,1,0,-1,0,-1,2,0,
9_ea-sports-fifa-16-review-PS4-xbox-one.txt,1,1,-1,-1,1,1,-1,1,-1,1,0,-1,-1,-1,-1,1,-1,-1,-1,-1,-1,-1,-2,-1,-1,-1,-1,1,-1,-2,1,-1,-1,-1,-1,-1,-1,-1,1,-1,0,-1,-1,1,1,-1,0,-1,-1,0,1,-1,1,1,2,1,-1,-1,-1,-1,1,1,-2,-1,-1,1,-1,0,
9_everything-review-ps4-PC.txt,0,-1,1,0,0,0,1,2,1,-1,1,-1,-1,0,1,-1,-1,-1,0,1,-1,-1,-1,0,1,1,1,-1,0,-1,1,-1,1,0,-1,0,-1,1,-1,-1,0,0,0,0,1,1,1,0,1,1,-1,-1,0,1,1,1,1,0,1,0,-1,0,-1,0,1,1,-1,-1,-1,-1,-1,0,-1,-1,0,0,1,-1,0,-1,-1,0,0,0,1,-1,0,1,1,1,1,-1,-1,-1,1,1,-1,1,1,-1,0,0,1,-1,1,2,1,-1,1,
9_far-cry-4-review-ps4-playstation-4-pc-xbox-one.txt,0,1,-1,-1,1,0,-1,-1,-1,-1,0,1,1,-1,-1,0,-1,0,-1,-1,1,-1,-1,-1,1,-1,-1,1,-1,-1,1,-1,-1,0,1,-1,-1,-1,-1,-1,-1,-1,0,0,-1,-1,-1,1,-1,-1,0,0,-1,0,1,2,0,-1,1,-2,0,
9_fifa-17-review-ps4-xbox-one.txt,-1,1,-1,-1,-2,0,0,0,-1,-1,-1,-1,1,-1,-1,-1,1,-1,2,-1,1,-1,-1,-1,-1,-1,-1,-1,1,-1,-1,-1,-1,-1,-1,1,-1,-1,-2,1,-1,1,-1,1,2,-1,-1,-1,1,-1,1,1,1,1,1,-1,1,-1,-1,-1,-1,0,-1,1,-1,-1,-1,0,2,-1,0,-1,-1,-1,1,-1,1,0,
9_fifa-18-review.txt,-1,-1,-1,-1,-1,-1,-1,0,2,-1,-1,-1,-1,-1,1,1,-1,-1,-1,1,-1,-1,-1,-1,-1,-1,0,-1,-1,-1,-1,-1,1,-1,-1,-1,-1,-1,-1,1,0,1,1,1,1,1,-1,-1,1,-1,-1,
9_final-fantasy-15-review-xv-ff15-ps4-playstation-4-xbox-one-square-enix.txt,1,-1,-1,-1,1,2,1,-1,-1,-1,1,0,1,1,1,0,-1,1,-1,-1,1,-1,2,-1,-1,1,1,1,-1,-1,-2,-1,1,-1,-1,-1,-1,-1,1,1,-1,1,-1,-1,-1,-1,-1,1,-1,-1,-1,1,1,-1,1,-1,-1,-1,-1,-1,-1,1,1,0,1,-1,2,0,
9_galak-z-review-ps4.txt,-1,-1,-1,1,1,-1,1,1,-1,-1,-1,-1,-1,-1,-1,-1,1,-1,-1,-1,-1,1,-1,-1,-1,0,-1,-1,-1,-1,1,-1,-1,-1,1,-1,1,-1,0,-1,-1,-1,-1,1,1,-1,1,-1,-1,-1,-1,1,-1,-1,0,
9_gears-of-war-4-review-pc-xbox-one-windows-10.txt,-1,0,-1,-1,1,-1,-1,-1,1,1,-1,-1,-1,1,1,0,-1,-1,-1,0,-1,-1,-1,-2,-1,1,1,-1,-1,1,-1,-2,1,-1,-1,2,1,-1,-1,-1,0,-1,-1,-1,-1,-1,0,1,-1,1,1,1,-1,0,-1,-1,-1,1,-1,-1,-1,-1,0,-1,-1,-1,-1,2,1,-1,-1,-1,-1,1,-1,-1,-1,-1,-1,-1,-1,-1,1,0,-1,-1,0,1,-2,-1,-1,1,-1,1,-1,-1,0,1,-2,-1,-1,-1,-1,1,1,-1,-1,1,1,1,-1,-1,-1,-1,-1,2,0,0,
9_guitar-hero-live-review-ps4-xbox-one-wii-u.txt,2,-1,-1,-1,-1,-1,-1,-1,-1,-1,2,-1,1,1,-1,-1,-1,0,-1,-1,-1,-1,1,-1,-1,-1,-1,-1,0,1,-1,-1,1,1,-2,-1,-1,2,-1,1,-1,-1,-1,-1,-1,-1,-1,-1,-1,1,1,-1,-1,-1,0,
9_halo-5-guardians-review-xbox-one.txt,-1,-1,-1,-1,-1,1,1,-1,-1,-1,-1,-1,-1,-1,-1,1,-1,-1,0,-1,1,-1,-1,-1,0,-1,-1,-1,2,1,1,1,1,-1,-1,-1,-1,-1,0,-1,-1,-1,-1,-1,-1,-1,1,-1,-1,-1,1,0,1,-1,-1,-1,-1,-1,0,-1,-1,-1,1,1,-1,1,1,-1,-1,-1,-1,-1,-1,1,1,2,1,0,-1,-1,-1,0,-1,-1,-1,-1,-1,1,-1,-1,-1,-1,-1,0,1,-1,1,-1,0,-1,-1,-1,1,-1,-1,-1,0,-1,1,0,-1,-1,-1,-1,
9_injustice-2-review.txt,1,-1,1,-1,1,-1,-1,-1,1,-1,-1,-1,1,-1,-1,1,0,1,1,-2,2,-1,1,-1,1,-1,-1,0,-1,1,1,1,1,-1,-1,0,-1,-1,1,-1,1,-1,-1,-1,-2,-1,-1,1,-1,2,1,-1,-1,
9_madden-nfl-16-review-xbox-one-PS4.txt,0,-1,-1,-1,0,0,0,1,-1,-2,-1,-1,-1,-1,-1,1,-1,-1,-1,-1,-1,-1,-1,-1,-1,-1,-2,-1,-1,-1,1,-1,-1,-2,-1,0,-1,-1,-1,0,1,-1,-1,-1,-1,1,-1,1,-1,-1,-1,-1,-1,-1,-1,-1,-1,-1,1,1,0,
9_madden-nfl-17-review-ps4-xbox-one.txt,1,-1,1,1,1,-1,-1,1,1,0,-1,1,-1,0,2,-1,-1,-2,-1,0,-2,1,-1,-1,1,1,-1,-1,-1,-1,-1,-1,-1,-1,-1,0,0,-1,-1,-1,-1,-1,1,1,1,1,-1,-1,1,-1,0,-1,-1,1,-1,1,-1,0,1,-1,-1,-1,-2,1,2,0,
9_metal-gear-solid-5-the-phantom-pain-review-ps4-xbox-one-PC.txt,-1,-1,-1,-1,1,-1,-1,-1,-1,-1,-1,-1,-1,-1,-1,1,-1,1,2,-1,2,-1,1,-1,1,-1,-1,-1,-1,-1,-1,-1,-1,0,-1,1,1,-1,-1,-1,-1,-1,-1,-1,-1,-1,-1,0,1,-1,-1,0,0,-1,-1,-1,-1,-1,-1,-1,-1,-1,1,-2,1,-2,2,-1,-1,1,-1,-1,-1,-1,-1,1,-1,-1,2,1,-1,0,-1,-1,-1,-1,1,-1,-1,1,-1,-1,-1,1,0,-1,0,-1,-1,-1,-1,0,-1,-1,-1,-1,1,1,-1,-1,-1,-1,0,-1,-1,-1,-1,-1,1,-1,1,
9_metroid-samus-returns-review.txt,-1,-1,1,-1,0,-1,-2,-1,-1,1,-1,-1,2,1,-1,-1,-1,-1,1,-1,-1,-1,-1,-1,0,1,-1,1,-1,-1,-1,0,-1,-1,2,-1,1,-1,-1,-1,-1,-1,-1,2,-1,1,1,-1,-1,1,0,1,
9_mlb-15-the-show-review-ps4.txt,1,2,-1,1,-1,-1,-1,-1,1,-1,-1,-1,-1,-1,1,1,-1,2,1,-1,-1,-1,1,-1,1,1,-1,-1,1,-1,-1,-2,-1,0,1,1,-1,1,-1,0,-1,-1,-1,-1,-1,1,1,-1,-2,-1,-1,0,-1,-1,-1,-1,1,-1,1,1,2,0,
9_mortal-kombat-x-review-PS4-Xbox-One.txt,-1,-1,-1,-1,1,-1,-1,-1,0,-1,0,1,1,-1,0,-1,-1,1,-1,1,-1,1,1,-1,-1,0,1,-1,1,1,-1,-1,1,1,-1,1,1,0,-1,-1,-1,-1,1,-1,1,-1,1,-1,-1,0,-1,1,-1,-1,0,-1,-1,1,-1,-1,-1,1,1,1,-1,1,-1,-1,0,-1,-1,-1,-1,-1,-1,0,
9_olliolli-2-welcome-to-olliwood-review-on-a-roll.txt,-1,-1,1,1,-1,-1,-1,-1,-1,-1,1,-1,-1,-1,-1,-1,-1,-1,-1,1,-1,-1,-1,-1,1,-1,-1,-1,-1,-1,-1,0,
9_ori-and-the-blind-forest-review-xbox-one-PC.txt,-1,-1,-1,-2,1,2,-2,-1,1,1,1,-1,1,0,1,-1,1,1,1,-1,-1,1,-1,-1,-1,-1,1,-1,-1,0,-1,1,-1,0,-1,-1,0,1,-1,-1,-1,0,1,-1,1,-1,-1,-1,-1,-1,1,-1,-1,1,-1,1,-1,-1,-1,-1,-1,1,-1,1,0,
9_orwell-review-PC.txt,-1,-1,-1,1,1,1,-1,-1,-1,-1,-1,-1,-1,0,-1,0,1,-1,-1,-1,0,-1,-1,0,-1,0,-1,-1,-1,-1,-1,1,1,-1,1,2,1,1,-1,-1,1,1,1,1,0,-1,1,-1,-1,-1,1,-1,-1,-1,-1,-1,-1,-1,-1,1,1,-1,1,1,1,-1,-1,-1,-1,-1,0,0,1,-1,-1,-1,-1,-1,-1,-1,-1,-1,-1,-1,1,-1,-1,1,2,-1,-1,
9_persona-5-review-atlus-playstation-4-ps4-3-ps3-english-gameplay-impressions.txt,-1,-1,1,1,1,-1,-1,-1,-1,-1,-1,-1,-1,-1,-1,-1,-1,1,-1,1,-1,-1,1,1,-1,-1,-1,1,-1,-1,1,-1,-1,-1,-1,-1,-1,1,-1,-1,0,-1,-1,-1,1,1,-2,-1,-1,-1,-1,-1,1,-1,1,1,-1,1,
9_persona-q-review-3ds-shin-megami-tensei.txt,-1,-1,1,-1,1,-1,-1,-1,-1,0,1,1,-1,-1,0,0,-1,1,1,1,-1,-1,-1,0,1,1,-1,1,-1,-1,-1,-1,-1,-1,-1,-1,-1,1,-1,1,-1,1,1,1,-1,-1,1,1,-1,-1,-1,-1,-1,0,
9_pyre-review.txt,1,1,1,-1,1,0,1,2,0,-1,0,0,-1,-1,-2,0,1,0,0,0,1,1,1,1,1,-1,-1,-1,-2,1,-1,1,-1,2,-1,1,-1,-1,1,-1,1,-1,1,0,-1,1,-1,-1,2,-1,1,
9_resident-evil-7-review-re7-vii-biohazard-ps4-playstation-4-vr-psvr-pc-windows-xbox-one-capcom.txt,-1,-1,-1,-1,1,-1,1,1,-1,-1,-1,-1,-1,-1,-1,0,-1,1,-1,-1,-2,-1,-1,1,1,-1,-1,1,-1,-1,1,-1,-1,-1,0,1,-1,-1,1,-1,-1,-1,-1,-1,-1,-1,0,-1,1,-1,-1,-1,1,-1,-1,-1,-1,1,-1,-1,-1,1,-1,1,-1,1,0,
9_rocket-league-review-ps4-pc.txt,-1,1,0,1,1,-1,1,1,-1,-1,-1,1,1,-1,-1,-1,-1,1,1,-1,1,-1,-1,1,-1,-1,1,0,1,1,-1,-1,-1,-1,-2,-1,-1,0,-1,0,-1,2,0,-1,-1,-1,1,-1,-1,-1,0,
9_salt-and-sanctuary-review-ps4.txt,-1,1,-1,1,-1,1,1,-1,-2,-1,1,-1,1,-1,1,-1,1,0,-1,-1,0,-1,1,-1,-1,-1,-1,-1,1,-1,-1,-1,-1,0,
9_severed-review-vita.txt,0,1,0,-1,1,-1,-1,-1,-1,0,-1,-1,-1,1,-1,-1,-2,-1,-1,-1,-1,1,-1,-1,-1,1,1,-1,-1,2,2,-1,1,-1,-1,1,0,
9_soma-review-frictional-games-pc-horror-amnesia.txt,-1,-1,-1,-1,-1,-1,0,-1,-1,1,-1,-1,-1,-1,-1,1,1,-1,-1,1,-1,-1,-1,-1,-1,-1,-1,-1,1,1,-1,1,-1,1,-1,-1,1,-1,-1,0,
9_stardew-valley-review.txt,0,1,0,1,0,-1,1,0,-1,-1,-1,-1,-1,-1,-1,1,1,-1,-1,-1,-1,0,0,-1,-1,0,-1,-1,-1,1,-1,-1,-1,1,1,0,-1,-1,1,-1,-1,-1,1,-1,-1,-1,1,-1,1,0,-1,1,-1,-1,1,-1,-1,0,
9_subsurface-circular-review-mike-bithell-games.txt,1,-1,1,-1,1,-1,1,-1,-1,-1,0,0,-1,-1,1,-1,1,-1,1,-1,-1,-1,1,1,1,1,-1,-1,1,-1,1,1,-1,1,1,
9_sunset-overdrive-review-xbox-one.txt,0,1,-1,-1,1,-2,-1,-1,1,0,1,-1,-1,-1,-1,1,-1,-1,-1,-1,-1,-1,-1,-1,1,0,-1,-1,1,0,-1,-2,-1,-1,-1,-1,0,1,-1,-2,1,-1,0,-1,1,-1,-1,1,-1,-1,-1,1,1,-2,1,2,1,1,1,-1,1,-1,-1,-1,1,0,
9_super-mega-baseball-review-ps4.txt,1,-1,-1,1,1,-1,1,-1,-1,-1,-1,-1,-1,-1,1,0,-1,1,-1,-1,-1,-1,1,-1,1,1,-1,-1,-1,0,1,-1,1,0,-1,-1,-1,1,0,-1,1,-1,-1,-1,1,-1,1,-1,-1,-1,-1,-1,1,0,
9_superhot-review-pc-windows-xbox-one.txt,-1,1,-1,-1,2,2,1,-1,-1,1,-1,1,1,1,-1,-1,1,-1,-1,1,-1,1,-1,-1,1,-1,1,0,-1,1,-1,-1,2,-1,-1,1,1,-1,-1,1,0,
9_uncharted-4-review-a-thiefs-end-ps4-playstation-4-naughty-dog-nathan-drake.txt,-1,-1,-1,-1,1,1,-1,0,2,1,-1,-1,-1,0,-2,1,0,-2,1,1,-1,-1,-1,-1,1,-1,-1,-1,0,-1,-1,-1,1,1,-1,-1,-1,1,1,-2,-1,1,-1,-1,-1,-1,-1,-1,-1,-1,1,1,0,
9_videoball-review-pc-ps4-playstation-4-xbox-one.txt,-1,-1,0,-1,-1,0,-1,0,0,-1,-1,-1,1,0,1,0,1,-1,1,-1,-1,1,-1,-1,0,0,-1,-1,-1,-1,-1,1,1,-1,1,1,-1,0,-1,1,1,1,1,0,-1,-1,-1,-1,0,1,-1,-1,1,1,1,0,-1,
9_virginia-review-PC-xbox-one-ps4.txt,-1,-1,1,2,-1,-1,-1,1,1,-1,-1,-1,-1,0,-1,-1,-1,-1,-1,-1,-1,-1,-1,-1,1,1,1,1,-1,-1,-1,-2,1,1,0,1,-1,1,0,-1,1,-1,-1,-1,1,1,0,
9_volume-ps4-pc-review.txt,1,1,1,1,1,1,0,-1,-1,1,1,-1,-1,1,1,-1,1,-1,-1,1,-1,-1,-1,0,-1,-1,-1,-1,1,-1,-1,-1,-1,1,0,-1,-1,1,1,0,1,-1,1,-1,0,-1,-1,1,-1,0,-1,1,-1,0,1,1,0,
9_west-of-loathing-review-kingdom-asymmetric-pc-mac-ios.txt,-1,-1,-1,-1,-1,-1,0,-1,0,1,-1,-1,-1,1,1,0,-1,0,-1,-1,0,0,1,-1,-1,0,1,-1,1,-1,2,-1,-1,1,-1,1,-1,1,-1,1,-1,1,-1,-1,1,2,1,-1,-1,-1,1,-1,1,-1,-1,-1,
9_what-remains-of-edith-finch-review.txt,-1,-1,1,-1,-1,-1,-1,-1,-1,-1,-1,-2,-1,-1,-1,-1,-1,1,0,1,1,-1,-1,-1,-1,-1,0,0,0,1,0,-1,-1,2,0,1,-1,-1,-1,-1,1,1,-1,-1,
9_xcom-2-review-PC.txt,-1,-1,-1,0,0,-1,1,1,-1,-1,-1,-1,-1,-1,-1,1,-1,-1,1,-1,1,-1,-1,-1,1,-1,-1,-1,0,1,0,1,1,-1,1,-1,-1,-1,1,-1,-1,-1,1,1,-1,1,-1,-1,1,1,-1,-1,1,1,-2,-1,-1,-1,-1,1,0,1,-1,-1,-1,-1,-1,1,1,1,-1,-1,1,0,1,0,1,-1,-1,-1,-1,-1,-1,-1,-2,-1,1,0,1,-1,-1,0,
9_zelda-majoras-mask-3d-review-legend-new-3ds-xl.txt,0,1,-1,-1,-2,0,2,-1,-1,-1,1,1,1,-1,1,-1,2,-1,1,-1,1,-1,1,-1,1,-1,-1,-1,-1,-1,1,1,1,1,-1,-1,1,1,0,
